Key,Value
dataset_info.name,airfoil
dataset_info.n_samples,1503
dataset_info.n_features,5
model_parameters.beta,1.0
model_parameters.delta,5.676799651801081
model_parameters.sigma,4.2206688860974575
model_parameters.max_iter,50
model_parameters.tol,1e-06
training_results.n_iterations,6
training_results.final_loss,15568.625988139083
training_results.loss_history,"[15584.161743738294, 15569.154972216245, 15568.573561417266, 15568.600567411318, 15568.619835973837, 15568.625988139083]"
training_results.rmse,4.8229046455047655
training_results.mae,3.681452430503418
training_results.coefficients,"[-4.459400312788614, -2.3644138137069906, -3.4777836199658707, 1.545129480993779, -2.295015004500992]"
training_results.intercept,-0.0001478304705289378
predictions.y_true,"[1.3650572188955152, 0.36505721889551523, 1.1150572188955152, 2.755057218895516, 2.6250572188955204, 0.7350572188955198, 0.36505721889551523, -1.7749427811044711, -3.5349427811044762, -5.294942781104481, -7.684942781104482, -9.444942781104473, -12.594942781104479, -16.114942781104475, 1.5800572188955186, 2.86005721889552, 3.2500572188955346, 2.130057218895516, 1.2500572188955204, 2.150057218895526, 1.7800572188955215, -0.7299427811044836, -1.599942781104474, -3.7299427811044836, -5.229942781104484, -6.859942781104479, -8.359942781104479, -11.759942781104485, -13.759942781104485, -6.706942781104473, -5.516942781104476, -2.056942781104482, -0.026942781104480673, 2.123057218895525, 3.7930572188955125, 4.263057218895511, 3.0630572188955227, 0.663057218895517, -0.7869427811044716, -1.1469427811044852, -3.4369427811044773, -4.516942781104476, -5.606942781104479, -7.046942781104477, -8.606942781104479, -10.056942781104482, -12.696942781104482, -15.216942781104478, -7.640942781104485, -6.240942781104479, -2.0709427811044776, 0.20905721889552353, 2.4790572188955196, 4.259057218895521, 4.3990572188955355, 2.5290572188955167, -0.4809427811044742, -2.4709427811044833, -2.460942781104478, -4.080942781104483, -5.700942781104473, -6.690942781104482, -9.190942781104482, -11.060942781104472, -14.320942781104478, -16.570942781104478, 2.2860572188955217, 1.1560572188955263, 1.0360572188955217, 1.7960572188955268, 1.8060572188955177, -0.3239427811044777, -1.4439427811044823, -3.0739427811044777, -5.203942781104473, -6.713942781104478, -9.463942781104478, -11.343942781104474, -15.613942781104484, -18.253942781104485, -2.984942781104479, -0.8349427811044734, 1.8250572188955232, 3.475057218895529, 3.9950572188955107, 2.745057218895525, 0.37505721889552035, -2.6249427811044796, -2.734942781104479, -3.8549427811044836, -5.724942781104474, -7.0949427811044785, -8.594942781104479, -10.084942781104473, -12.584942781104473, -15.844942781104479, -18.724942781104474, 2.728057218895515, 3.6180572188955296, 4.518057218895535, 4.658057218895522, 4.1680572188955125, 2.798057218895522, 1.6780572188955176, 0.6880572188955227, -0.8119427811044773, -3.3219427811044824, -4.571942781104482, -6.701942781104478, -8.701942781104478, -10.201942781104478, -14.611942781104474, 1.3230572188955279, 3.343057218895524, 4.73305721889551, 5.113057218895534, 4.49305721889553, 2.4930572188955153, -0.3969427811044852, -1.7669427811044756, -2.396942781104485, -4.646942781104485, -6.146942781104485, -7.526942781104481, -9.156942781104476, -11.036942781104472, -12.666942781104481, -1.5239427811044806, 0.636057218895516, 2.796057218895527, 4.456057218895523, 4.716057218895514, 3.4760572188955337, 0.9660572188955285, -2.0539427811044817, -4.303942781104482, -4.673942781104472, -5.913942781104481, -8.043942781104477, -9.043942781104477, -10.793942781104477, -14.183942781104477, -1.7179427811044832, 0.562057218895518, 2.7120572188955236, 3.8620572188955293, 3.8720572188955202, 2.0020572188955157, 0.002057218895515689, -2.7479427811044843, -4.747942781104484, -5.237942781104479, -6.727942781104474, -9.227942781104474, -10.977942781104474, -15.117942781104475, 1.5590572188955178, 3.339057218895533, 4.7390572188955105, 5.879057218895525, 6.779057218895531, 6.919057218895517, 6.179057218895508, 4.559057218895532, 1.8090572188955178, -0.44094278110448215, -1.0609427811044725, -3.0609427811044725, -5.300942781104482, -7.050942781104482, -8.670942781104472, -11.170942781104472, -13.930942781104477, -17.430942781104477, -1.2929427811044718, 2.0070572188955254, 3.7970572188955316, 5.337057218895524, 6.237057218895529, 5.887057218895535, 3.887057218895535, 1.5070572188955254, -1.6229427811044843, -3.8729427811044843, -4.602942781104474, -6.092942781104483, -8.972942781104479, -11.102942781104474, 3.3080572188955273, 4.298057218895508, 3.4080572188955216, 3.5180572188955352, 2.998057218895525, 0.9880572188955199, -0.5319427811044761, -2.7919427811044812, -6.811942781104477, -6.701942781104478, -7.211942781104483, -9.851942781104484, -10.361942781104474, -5.295942781104472, -3.1759427811044816, -1.055942781104477, 1.3240572188955184, 2.694057218895523, 3.454057218895514, 3.0740572188955184, 1.954057218895528, 1.704057218895528, 1.704057218895528, 0.3240572188955184, -1.4259427811044816, -2.4259427811044816, -6.425942781104482, -3.7809427811044714, -1.2709427811044804, 1.359057218895515, 3.8690572188955343, 5.369057218895534, 5.599057218895524, 4.559057218895532, 2.2590572188955207, 0.46905721889552865, 0.1890572188955275, -0.21094278110447817, -1.3709427811044748, -2.660942781104481, -7.370942781104475, -4.240942781104479, -1.200942781104473, 1.839057218895519, 4.629057218895525, 5.889057218895516, 5.759057218895521, 3.9690572188955286, 0.7890572188955218, -1.3809427811044799, -1.390942781104485, -1.390942781104485, -2.8009427811044816, -4.330942781104483, -8.02094278110448, 0.2800572188955215, 1.650057218895526, 2.5200572188955164, 3.38005721889553, 4.120057218895511, 3.9800572188955243, 2.9600572188955283, 2.0600572188955226, 2.170057218895522, 1.2800572188955215, -0.7499427811044796, -2.0199427811044757, -4.049942781104477, -8.839942781104483, -11.74994278110448, -2.5439427811044766, -0.1439427811044851, 2.0060572188955206, 3.656057218895512, 4.166057218895531, 3.9260572188955223, 1.9160572188955172, -0.2239427811044834, -0.9739427811044834, -1.0939427811044737, -2.603942781104479, -4.363942781104484, -6.123942781104475, -4.698942781104478, -2.6889427811044726, 0.3210572188955183, 2.5810572188955234, 4.201057218895528, 4.311057218895513, 3.421057218895527, 1.0010572188955251, -2.038942781104481, -3.4389427811044726, -3.208942781104483, -4.608942781104474, -6.00894278110448, -8.418942781104477, -4.688942781104473, -1.4189427811044766, 1.8410572188955285, 4.22105721889551, 5.47105721889551, 5.47105721889551, 3.8410572188955143, 0.9610572188955189, -1.798942781104472, -3.4289427811044817, -3.308942781104477, -4.308942781104477, -6.568942781104482, -9.698942781104478, 1.9220572188955174, 4.202057218895533, 5.85205721889551, 6.87205721889552, 6.882057218895511, 4.632057218895511, 1.3820572188955254, -0.4979427811044843, -0.7279427811044741, -3.1079427811044837, -3.717942781104483, -6.217942781104483, -11.98794278110448, -11.727942781104474, -10.577942781104483, -12.067942781104477, -15.197942781104473, -1.5619427811044773, 2.478057218895515, 5.1280572188955205, 7.028057218895526, 7.298057218895508, 6.428057218895532, 3.428057218895532, -0.5819427811044733, -2.451942781104478, -2.4419427811044727, -4.181942781104482, -4.801942781104472, -7.681942781104482, -12.311942781104477, -2.606942781104479, -0.9569427811044733, 2.2030572188955233, 4.74305721889553, 5.633057218895516, 5.133057218895516, 3.5030572188955205, 0.48305721889552444, -3.176942781104472, -5.186942781104477, -4.416942781104481, -5.676942781104472, -7.186942781104477, -10.586942781104483, -11.706942781104473, -4.646942781104485, -1.2269427811044835, 1.3130572188955227, 4.103057218895515, 5.513057218895511, 6.033057218895522, 5.033057218895522, 3.2830572188955216, 0.39305721889552103, -2.7469427811044795, -4.626942781104475, -4.606942781104479, -5.9769427811044835, -8.866942781104484, -12.13694278110448, 2.8640572188955247, 5.044057218895517, 6.964057218895533, 8.644057218895512, 9.164057218895522, 8.544057218895517, 5.62405721889553, 1.0540572188955224, -1.0959427811044833, -1.7159427811044736, -4.50594278110448, -6.785942781104481, -7.9159427811044765, -9.935942781104472, -13.485942781104484, 2.1750572188955175, 4.855057218895524, 6.3850572188955255, 7.415057218895527, 7.1750572188955175, 4.655057218895536, 0.7450572188955249, 0.8850572188955255, -1.754942781104475, -6.924942781104477, -8.684942781104482, -6.394942781104476, -9.034942781104476, -9.524942781104471, -12.294942781104481, 13.922057218895532, 15.082057218895528, 14.972057218895515, 14.60205721889551, 11.962057218895524, 8.932057218895523, 5.912057218895512, 2.0020572188955157, 2.522057218895526, 0.8920572188955163, -2.1279427811044798, -2.7479427811044843, -4.37794278110448, -5.62794278110448, -9.537942781104476, -9.01794278110448, 10.39805721889553, 11.548057218895508, 11.448057218895514, 11.088057218895528, 8.338057218895528, 6.098057218895519, 3.6080572188955102, 0.35805721889552444, 0.8880572188955256, -1.481942781104479, -4.481942781104479, -5.841942781104478, -7.701942781104478, -7.551942781104472, -11.691942781104473, -13.301942781104472, 6.153057218895526, 7.053057218895532, 7.313057218895523, 7.203057218895509, 5.463057218895528, 4.093057218895524, 1.4630572188955284, -2.2969427811044767, -1.6469427811044852, -3.7769427811044807, -7.026942781104481, -8.27694278110448, -10.52694278110448, -10.756942781104485, -12.876942781104475, -13.99694278110448, 3.843057218895524, 5.2530572188955205, 5.403057218895526, 5.433057218895527, 3.333057218895533, 1.3530572188955148, -1.626942781104475, -5.736942781104474, -4.326942781104478, -5.796942781104477, -9.52694278110448, -10.126942781104475, -11.606942781104479, -12.196942781104482, -13.806942781104482, -14.146942781104485, 0.9810572188955149, 2.471057218895524, 4.091057218895514, 4.831057218895523, 3.811057218895513, 3.2910572188955314, 4.541057218895531, 4.021057218895521, 1.6210572188955155, 0.5910572188955285, -2.308942781104477, -4.588942781104478, -7.748942781104475, -11.538942781104481, -4.262942781104485, -1.2529427811044798, 1.8770572188955157, 3.7470572188955202, 5.117057218895525, 5.3470572188955146, 4.837057218895524, 2.927057218895527, 2.917057218895522, 2.397057218895526, 0.3670572188955248, -1.532942781104481, -2.9329427811044724, -5.582942781104478, -7.742942781104475, -12.032942781104481, -5.322942781104473, -0.4329427811044724, 3.0670572188955276, 5.197057218895509, 6.187057218895518, 6.177057218895527, 4.797057218895532, 2.0270572188955214, 0.7670572188955163, 0.5070572188955254, -1.3829427811044752, -3.522942781104476, -4.282942781104481, -9.422942781104481, -3.2189427811044737, 1.1610572188955217, 4.281057218895512, 6.151057218895517, 6.631057218895535, 5.981057218895529, 4.0710572188955325, 1.0310572188955263, -0.6289427811044845, -1.028942781104476, -2.4389427811044726, -5.098942781104483, -6.8789427811044845, 2.568057218895518, 2.5580572188955273, 3.9380572188955227, 5.308057218895527, 5.808057218895527, 5.278057218895526, 3.498057218895525, 2.218057218895524, 1.6980572188955279, -0.47194278110447385, -2.8919427811044756, -4.301942781104472, -8.111942781104474, -11.801942781104472, -14.471942781104474, -3.826942781104478, 0.9730572188955193, 3.9930572188955296, 5.7530572188955205, 5.99305721889553, 5.213057218895528, 3.303057218895532, 0.7530572188955205, -1.9169427811044812, -2.9469427811044824, -3.336942781104483, -5.626942781104475, -8.176942781104472, -12.24694278110448, -16.186942781104477, -0.7149427811044831, 1.4550572188955186, 4.1350572188955255, 6.445057218895528, 8.365057218895515, 9.275057218895512, 8.405057218895536, 6.275057218895512, 2.755057218895516, -1.5249427811044711, -3.404942781104481, -4.774942781104471, -8.424942781104477, 1.971057218895524, 4.531057218895512, 6.97105721889551, 8.26105721889553, 7.291057218895531, 5.941057218895509, 5.731057218895529, 3.8710572188955155, -0.75894278110448, -3.248942781104475, -5.098942781104483, -6.078942781104473, -7.548942781104472, -9.908942781104471, 0.511057218895516, 2.8010572188955223, 5.101057218895534, 7.521057218895521, 7.921057218895527, 5.671057218895527, 2.2810572188955263, 1.4310572188955177, -0.1889427811044726, -4.338942781104478, -5.698942781104478, -7.698942781104478, -7.798942781104472, -8.158942781104471, 0.9050572188955215, 2.9450572188955277, 4.845057218895533, 6.6350572188955255, 6.655057218895536, 3.4050572188955357, -0.8449427811044785, -1.0749427811044825, -2.0649427811044774, -5.684942781104482, -6.544942781104481, -8.65494278110448, -9.144942781104476, -9.244942781104484, 3.8770572188955157, 5.287057218895512, 7.207057218895528, 10.01705721889553, 11.187057218895518, 9.437057218895518, 7.677057218895527, 6.0570572188955225, 3.8070572188955225, -0.48294278110448374, -8.052942781104477, -5.492942781104475, -6.492942781104475, -8.232942781104484, -11.50294278110448, -14.522942781104476, 2.6520572188955214, 5.7220572188955146, 7.282057218895517, 7.822057218895509, 8.36205721889553, 7.522057218895526, 3.5020572188955157, -2.407942781104481, -4.777942781104471, -4.607942781104484, -7.357942781104484, -13.01794278110448, -10.577942781104483, -11.547942781104481, -12.147942781104476, -13.247942781104484, -13.967942781104483, 9.48305721889551, 10.49305721889553, 10.623057218895525, 10.24305721889553, 6.443057218895518, 5.053057218895532, 4.0430572188955125, 1.5130572188955256, -2.156942781104476, -3.0469427811044767, -4.056942781104482, -5.196942781104482, -7.986942781104474, -9.756942781104485, -10.266942781104476, -12.796942781104477, 7.119057218895534, 8.399057218895535, 7.519057218895512, 6.769057218895512, 2.9790572188955196, 2.4790572188955196, 1.7290572188955196, -0.17094278110447192, -3.200942781104473, -4.960942781104478, -5.330942781104483, -6.470942781104483, -9.750942781104484, -11.890942781104485, -12.77094278110448, -14.280942781104471, 2.4790572188955196, 3.49905721889553, 3.7590572188955207, 3.5090572188955207, 1.9990572188955156, 1.6290572188955252, 1.5090572188955207, -1.0009427811044844, -4.280942781104471, -6.2909427811044765, -6.910942781104481, -8.540942781104476, -11.310942781104472, -12.570942781104478, -13.700942781104473, -14.950942781104473, 2.4630572188955284, 3.7230572188955193, 3.9730572188955193, 4.103057218895515, 2.343057218895524, 1.2130572188955284, 0.7030572188955233, -2.6869427811044773, -6.216942781104478, -7.716942781104478, -7.9769427811044835, -10.106942781104479, -12.626942781104475, -13.376942781104475, -14.88694278110448, -16.146942781104485, 3.5180572188955352, 4.908057218895522, 3.6480572188955307, 2.258057218895516, -3.1719427811044767, -1.5319427811044761, -1.7819427811044761, -2.7919427811044812, -4.681942781104482, -4.301942781104472, -7.331942781104473, -9.601942781104484, -11.501942781104475, -16.801942781104472, -16.801942781104472, -17.551942781104472, -10.085942781104478, -8.945942781104478, -8.815942781104482, -8.925942781104482, -9.935942781104472, -8.285942781104481, -8.275942781104476, -10.165942781104476, -12.675942781104482, -14.055942781104477, -15.315942781104482, -17.955942781104483, -18.575942781104473, -20.335942781104478, -20.705942781104483, -21.455942781104483, 6.12405721889553, 4.6140572188955105, 3.724057218895524, 4.844057218895529, 6.224057218895524, 6.474057218895524, 10.234057218895515, 9.594057218895529, 9.594057218895529, 8.204057218895514, 6.054057218895508, 3.904057218895531, 0.3840572188955207, -0.49994278110447965, 0.7500572188955204, 2.2400572188955152, 3.7400572188955152, 6.620057218895511, 9.12005721889551, 9.990057218895515, 10.11005721889552, 9.720057218895533, 7.960057218895514, 5.320057218895528, 2.8000572188955175, 0.5400572188955266, 1.6720572188955174, 2.802057218895527, 4.312057218895518, 6.072057218895509, 8.082057218895528, 10.10205721889551, 11.10205721889551, 10.472057218895515, 9.472057218895515, 7.082057218895528, 3.6820572188955225, 1.1620572188955265, -0.8479427811044786, -2.045942781104472, 1.944057218895523, 4.434057218895532, 6.174057218895513, 8.174057218895513, 10.034057218895526, 10.654057218895531, 9.274057218895535, 8.394057218895512, 5.504057218895525, 1.7540572188955252, -2.3859427811044753, -5.765942781104485, -0.5179427811044803, 5.012057218895535, 7.1420572188955305, 8.89205721889553, 8.762057218895535, 7.992057218895525, 4.4720572188955146, 0.4320572188955225, -3.5979427811044786, -7.507942781104475, 0.8110572188955274, 3.5910572188955143, 5.361057218895525, 7.751057218895511, 9.01105721889553, 8.751057218895511, 6.97105721889551, 4.941057218895509, 0.8810572188955206, -4.438942781104473, -7.868942781104479, 2.720057218895519, 5.11005721889552, 7.250057218895535, 9.010057218895525, 9.640057218895521, 9.390057218895521, 7.13005721889553, 2.0900572188955238, -3.6899427811044774, -3.2539427811044845, -1.0939427811044737, 1.3160572188955229, 3.7260572188955337, 5.88605721889553, 7.416057218895531, 8.196057218895533, 8.206057218895523, 6.706057218895523, 3.5660572188955086, -2.2239427811044834, -9.02394278110448, -4.820942781104478, -1.930942781104477, 1.2090572188955235, 3.599057218895524, 5.359057218895515, 6.369057218895534, 6.129057218895525, 5.129057218895525, 2.6290572188955252, -0.8709427811044748, -5.88094278110448, -4.759942781104485, -1.8699427811044842, 1.0200572188955164, 3.410057218895531, 4.680057218895513, 5.320057218895528, 4.460057218895514, 2.850057218895529, 0.7400572188955152, -2.7499427811044796, -6.729942781104484, 1.1050572188955243, 2.265057218895521, 3.545057218895522, 4.445057218895528, 5.475057218895529, 8.775057218895512, 11.195057218895528, 12.105057218895524, 11.355057218895524, 10.355057218895524, 8.475057218895529, 5.705057218895519, 2.305057218895527, -2.3649427811044745, 0.17405721889552694, 1.5940572188955286, 4.154057218895531, 5.834057218895509, 7.12405721889553, 8.294057218895517, 8.954057218895514, 7.594057218895529, 5.214057218895533, 1.704057218895528, -0.41594278110447647, -2.6659427811044765, -5.1659427811044765, -9.315942781104482, -1.2409427811044793, -0.0009427811044844248, 1.359057218895515, 1.9690572188955286, 2.4490572188955184, 4.809057218895532, 6.679057218895508, 7.029057218895531, 6.009057218895521, 5.2290572188955196, 4.449057218895518, 2.789057218895522, 0.8790572188955252, -2.160942781104481, -5.700942781104473, -9.620942781104475, -12.160942781104481, -1.8959427811044804, -0.6659427811044765, 0.5540572188955224, 1.6640572188955218, 2.3840572188955207, 4.494057218895534, 5.594057218895529, 5.5640572188955275, 5.164057218895522, 3.3640572188955105, 2.204057218895528, 0.7940572188955173, -1.3759427811044844, -3.9159427811044765, -7.725942781104479, -11.905942781104471, -3.052942781104477, -1.9429427811044775, -0.3429427811044832, 0.5170572188955163, 1.1270572188955157, 2.6070572188955197, 3.5870572188955236, 3.0570572188955225, 1.9070572188955168, 0.007057218895525352, -1.3929427811044803, -2.4229427811044815, -4.322942781104473, -6.722942781104479, -10.382942781104475, -15.172942781104481, -4.860942781104484, -3.610942781104484, -1.9909427811044793, -1.1309427811044799, -1.140942781104485, -0.1509427811044759, 0.7190572188955286, -0.3109427811044725, -1.5809427811044827, -3.3509427811044787, -4.000942781104484, -4.890942781104485, -6.7909427811044765, -9.200942781104473, -12.480942781104474, -16.650942781104476, -6.830942781104483, -5.720942781104483, -3.6009427811044787, -0.9709427811044833, 2.1590572188955264, 3.529057218895531, -0.28094278110447135, -2.950942781104473, -3.3509427811044787, -4.260942781104475, -4.780942781104471, -6.450942781104473, -8.610942781104484, -11.790942781104476, 1.1380572188955256, 2.3880572188955256, 5.028057218895526, 5.778057218895526, 3.6080572188955102, -4.51194278110448, -5.661942781104472, -5.931942781104482, -6.201942781104478, -7.231942781104479, -7.111942781104474, -8.65194278110448, -11.831942781104473, -16.15194278110448, 8.871057218895515, 12.171057218895527, 13.72105721889551, 12.001057218895511, 10.151057218895517, 5.031057218895512, 5.951057218895528, 8.371057218895515, 5.641057218895526, -1.6189427811044794, 2.7870572188955265, 5.237057218895529, 5.667057218895508, 8.387057218895535, 10.967057218895519, 11.26705721889553, 11.327057218895533, 9.72705721889551, 6.617057218895525, 0.8470572188955288, -2.9029427811044712, -0.6799427811044723, 5.190057218895532, 7.000057218895535, 8.440057218895532, 10.510057218895525, 11.700057218895523, 11.990057218895515, 11.030057218895536, 8.540057218895527, 4.280057218895536, 0.15005721889552603, 0.29105721889551717, 3.1110572188955246, 4.431057218895518, 5.861057218895525, 8.061057218895513, 10.391057218895526, 12.211057218895519, 13.771057218895521, 13.701057218895528, 12.371057218895515, 9.391057218895526, 4.141057218895526, 0.7910572188955172, 3.562057218895518, 5.992057218895525, 8.542057218895508, 10.092057218895519, 10.632057218895511, 9.662057218895512, 6.6820572188955225, 2.562057218895518, 2.852057218895524, -0.6279427811044798, -5.12794278110448, -3.3619427811044744, 0.21805721889552387, 4.308057218895527, 7.518057218895535, 9.088057218895528, 10.64805721889553, 10.328057218895509, 7.348057218895519, 2.1080572188955244, 0.2580572188955159, -0.4419427811044727, -3.551942781104472, -8.469942781104479, -6.13994278110448, -4.069942781104473, -1.879942781104475, 0.19005721889551808, 1.1300572188955158, 4.080057218895519, 6.400057218895512, 8.600057218895529, 10.160057218895531, 10.59005721889551, 9.500057218895535, 6.5100572188955255, 1.2300572188955243, -8.707942781104478, -4.757942781104475, -2.187942781104482, 0.5120572188955208, 2.572057218895523, 3.882057218895511, 5.312057218895518, 7.752057218895516, 9.432057218895523, 10.492057218895525, 10.412057218895512, 8.062057218895518, 2.1720572188955174, 0.8900572188955209, 2.370057218895525, 4.720057218895533, 6.820057218895528, 8.920057218895522, 10.140057218895521, 11.12005721889551, 11.330057218895519, 9.400057218895512, 6.350057218895529, 2.410057218895517, -3.88394278110448, -1.7539427811044845, 0.61605721889552, 3.2460572188955155, 5.4960572188955155, 7.36605721889552, 8.226057218895534, 9.216057218895514, 9.316057218895509, 8.416057218895531, 6.7460572188955155, 3.576057218895528, -0.613942781104484, -8.76194278110448, -7.911942781104472, -5.541942781104481, -3.681942781104482, -0.9419427811044727, 1.6780572188955176, 4.178057218895532, 5.538057218895517, 6.1280572188955205, 6.348057218895519, 6.438057218895523, 6.398057218895531, 5.098057218895519, 3.028057218895526, 0.20805721889551876, -4.51194278110448, -5.689942781104477, -4.6999427811044825, -2.069942781104473, -0.07994278110447794, 2.0500572188955175, 4.170057218895522, 5.910057218895531, 6.5100572188955255, 6.61005721889552, 6.200057218895523, 5.660057218895531, 5.250057218895535, 3.700057218895523, 1.900057218895526, -0.40994278110447624, -4.109942781104479, -5.137942781104485, -1.8979427811044758, 0.21205721889552365, 2.062057218895518, 4.042057218895508, 5.512057218895535, 6.862057218895529, 8.212057218895524, 9.692057218895513, 9.39205721889553, 9.222057218895515, 8.922057218895532, 6.9720572188955146, 4.1420572188955305, 0.562057218895518, -4.2979427811044815, -10.417942781104472, -3.288942781104481, -1.298942781104472, 0.6910572188955229, 2.291057218895517, 4.031057218895512, 5.381057218895535, 6.111057218895525, 5.941057218895509, 5.141057218895526, 4.731057218895529, 4.191057218895509, 3.011057218895516, 1.701057218895528, 0.27105721889552115, -1.6589427811044715, -4.228942781104479, -8.818942781104482, -12.329942781104478, -11.039942781104472, -8.989942781104475, -7.439942781104477, -5.029942781104481, -2.2299427811044836, -0.5599427811044819, 0.9800572188955243, 1.5200572188955164, 1.5700572188955277, 1.9900572188955152, 1.910057218895517, 1.7000572188955232, 0.7500572188955204, -1.7099427811044734, -4.919942781104481, -9.369942781104484, -14.884942781104485, -14.344942781104479, -12.924942781104477, -9.37494278110448, -5.214942781104483, -2.424942781104477, -1.7449427811044842, 1.1650572188955266, 4.4650572188955095, 1.6350572188955255, 0.4250572188955175, 0.09505721889551921, -0.7349427811044791, -3.0649427811044774, -5.894942781104476, -9.974942781104474, -10.791942781104481, -10.12194278110448, -9.691942781104473, -9.391942781104476, -7.321942781104482, -0.3219427811044824, 10.488057218895534, 13.438057218895523, 6.528057218895526, 2.778057218895526, 1.8080572188955273, -0.6819427811044818, -1.2719427811044852, -2.1119427811044744, -4.981942781104479, -8.689942781104477, -7.879942781104475, -6.419942781104481, -4.069942781104473, 2.8400572188955238, 12.050057218895518, 14.390057218895521, 6.960057218895514, 3.4700572188955334, 2.0100572188955255, -0.47994278110448363, -0.6699427811044814, -1.3699427811044842, -2.839942781104483, -6.839942781104483, -8.978942781104479, -6.9089427811044715, -6.868942781104479, -4.178942781104482, -1.6089427811044743, 9.411057218895536, 16.151057218895517, 6.981057218895529, 2.3610572188955246, 1.261057218895516, -0.7089427811044828, -0.9189427811044766, 0.8910572188955257, -1.7089427811044828, -3.1789427811044817, -8.769942781104476, -7.4499427811044825, -4.119942781104484, -1.4199427811044814, 4.940057218895532, 12.190057218895532, 12.240057218895515, 3.5800572188955186, 1.6100572188955198, -2.619942781104484, -3.579942781104478, -3.529942781104481, -3.9799427811044836, -5.189942781104477, -6.019942781104476, -0.680942781104477, 1.9690572188955286, 3.9890572188955105, 5.49905721889553, 6.889057218895516, 7.259057218895521, 7.759057218895521, 7.119057218895534, 6.099057218895524, 5.959057218895509, 4.559057218895532, 0.6290572188955252, -1.5309427811044714, -5.460942781104478, 1.3340572188955235, 3.0840572188955235, 4.964057218895533, 6.594057218895529, 7.214057218895533, 7.704057218895514, 8.204057218895514, 6.944057218895523, 4.664057218895522, 3.5240572188955355, 2.894057218895526, -0.38594278110447533, -2.9059427811044714, -4.925942781104482, 0.5650572188955181, 3.5650572188955323, 5.945057218895528, 7.435057218895508, 8.425057218895518, 8.415057218895527, 7.775057218895512, 6.125057218895535, 2.9650572188955238, 1.1850572188955226, 0.795057218895522, -2.494942781104484, -5.274942781104471, 1.5770572188955185, 4.217057218895519, 6.47705721889551, 8.22705721889551, 8.717057218895519, 8.317057218895513, 7.167057218895508, 5.137057218895535, 2.0970572188955288, -0.4429427811044775, -0.5829427811044781, -4.64294278110448, -8.942942781104477, 6.238057218895534, 6.598057218895519, 7.468057218895524, 8.828057218895509, 9.198057218895514, 9.058057218895527, 7.278057218895526, 3.8680572188955296, 2.218057218895524, 0.06805721889551819, -3.6019427811044835, -8.141942781104476, 1.7630572188955256, 4.283057218895522, 6.2930572188955125, 7.933057218895527, 8.813057218895523, 8.813057218895523, 8.053057218895532, 5.7930572188955125, 2.393057218895521, 0.0030572188955204638, -0.9969427811044795, -4.266942781104476, -9.176942781104472, 2.4150572188955266, 5.155057218895536, 7.1350572188955255, 8.375057218895535, 8.23505721889552, 7.4650572188955095, 5.955057218895519, 3.5650572188955323, 0.045057218895522055, -2.464942781104483, -3.984942781104479, -6.744942781104484, -9.51494278110448, 4.11605721889552, 6.526057218895517, 8.176057218895522, 9.186057218895513, 8.566057218895509, 6.806057218895518, 5.556057218895518, 3.4160572188955314, 0.016057218895525693, -2.7539427811044845, -4.13394278110448, -7.403942781104476, 6.612057218895529, 9.64205721889553, 11.922057218895532, 12.822057218895509, 11.842057218895519, 9.732057218895534, 6.62205721889552, -0.37794278110447976, 4.507057218895511, 8.187057218895518, 11.117057218895525, 12.397057218895526, 12.047057218895532, 8.817057218895513, 4.817057218895513, -0.562942781104482, 3.4590572188955093, 6.119057218895534, 8.519057218895512, 9.789057218895522, 9.679057218895508, 7.559057218895532, 2.539057218895522, -2.6009427811044787, 1.4300572188955272, 3.460057218895514, 5.370057218895511, 7.280057218895536, 8.050057218895518, 6.8000572188955175, 4.420057218895522, -0.48994278110447453, -4.38994278110448, 8.667057218895508, 9.697057218895509, 11.74705721889552, 13.287057218895512, 13.687057218895518, 13.587057218895524, 12.97705721889551, 10.597057218895515, 7.957057218895528, 3.927057218895527, -0.6029427811044741, -1.2129427811044735, -1.572942781104473, -4.592942781104483, -8.11294278110448, -7.582942781104478, 8.58405721889551, 9.504057218895525, 10.544057218895517, 10.704057218895514, 8.954057218895514, 7.084057218895509, 6.1040572188955196, 4.744057218895534, 2.8740572188955156, -1.015942781104485, -5.795942781104472, -5.6459427811044804, -5.485942781104484, -8.61594278110448, -11.75594278110448, -11.725942781104479, 5.752057218895516, 6.732057218895534, 12.232057218895534, 14.592057218895519, 15.322057218895509, 10.532057218895517, 2.4820572188955197, 3.092057218895519, 1.812057218895518, -0.08794278110447351, -2.6179427811044746, -3.5179427811044803, -4.037942781104476, -6.8179427811044775, -8.727942781104474, -10.87794278110448, 7.468057218895524, 8.458057218895533, 10.838057218895528, 11.578057218895509, 8.938057218895523, -0.5919427811044784, 0.27805721889552615, 0.6480572188955165, -0.6219427811044795, -3.01194278110448, -6.271942781104485, -7.781942781104476, -7.921942781104477, -10.431942781104482, -12.821942781104482, -14.711942781104483, 3.7090572188955093, 4.839057218895533, 4.579057218895514, 3.429057218895508, -2.63094278110448, -3.5209427811044804, -2.5209427811044804, -2.400942781104476, -3.670942781104472, -6.960942781104478, -10.750942781104484, -11.52094278110448, -11.780942781104471, -13.930942781104477, -16.210942781104478, -16.85094278110448, 0.1510572188955166, 1.0210572188955211, -0.11894278110447942, -1.6289427811044845, -6.168942781104477, -5.548942781104472, -4.798942781104472, -5.058942781104477, -6.068942781104482, -10.358942781104474, -14.388942781104475, -14.518942781104485, -14.528942781104476, -16.42894278110448, -17.688942781104473, -17.568942781104482, 6.062057218895518, 7.322057218895509, 8.972057218895515, 9.222057218895515, 5.802057218895527, -2.5479427811044815, -0.6479427811044758, -0.3979427811044758, -1.657942781104481, -3.3079427811044724, -4.947942781104473, -5.8379427811044735, -8.367942781104475, -11.537942781104476, -1.3219427811044824, -0.19194278110447272, -2.0819427811044733, -4.3519427811044835, -9.531942781104476, -6.751942781104475, -5.8719427811044795, -5.611942781104474, -6.6219427811044795, -10.281942781104476, -13.941942781104473, -14.571942781104482, -15.581942781104473, -18.23194278110448, -18.611942781104474, -20.631942781104485]"
predictions.y_pred,"[2.91356509575105, 2.630565504021792, 2.276816014360219, 1.781566728834018, 1.215567545375502, 0.508068566052357, -0.41168010706773145, -1.6144283719170782, -3.0294263305633677, -4.868923676803545, -7.274420206502239, -10.10441612379482, -13.641911020410546, -18.59440387567256, 1.7406371118667965, 1.5566873772427787, 1.3161377242729098, 1.033138132543652, 0.6793886428820787, 0.18413935735587758, -0.3818598261026385, -1.0893588054257837, -2.009107478545872, -3.211855743395218, -4.626853702041508, -6.466351048281686, -8.87184757798038, -11.701843495272959, -15.239338391888685, 0.5397793182534477, 0.4690294203211333, 0.377054553009124, 0.25677972652418907, 0.11527993065956019, -0.06866980396445757, -0.30921945693432656, -0.5922190486635843, -0.9459685383251577, -1.4412178238513589, -2.007217007309875, -2.7147159866330197, -3.6344646597531085, -4.837212924602455, -6.252210883248745, -8.091708229488923, -10.497204759187616, -13.327200676480196, -16.864695573095922, -0.2812038986526105, -0.3519537965849249, -0.44392866389693425, -0.5642034903818691, -0.7057032862464978, -0.8896530208705156, -1.1302026738403845, -1.4132022655696423, -1.7669517552312155, -2.2622010407574167, -2.828200224215933, -3.5356992035390777, -4.455447876659167, -5.658196141508513, -7.0731941001548035, -8.912691446394982, -11.318187976093675, -14.148183893386255, 2.1911938664855968, 1.908194274756339, 1.5544447850947658, 1.0591954995685646, 0.4931963161100485, -0.21430266321309646, -1.134051336333185, -2.3367996011825314, -3.7517975598288213, -5.591294906068998, -7.996791435767692, -10.826787353060272, -14.364282249675998, -19.31677510493801, -0.3655278993921252, -0.48580272587706014, -0.627302521741689, -0.811252256365707, -1.051801909335576, -1.3348015010648338, -1.688550990726407, -2.183800276252608, -2.749799459711124, -3.4572984390342687, -4.377047112154357, -5.5797953770037045, -6.994793335649994, -8.834290681890172, -11.239787211588865, -14.069783128881445, -17.60727802549717, 2.002339310730952, 1.8608395148663224, 1.6768897802423055, 1.4363401272724365, 1.1533405355431778, 0.7995910458816051, 0.3043417603554039, -0.2616574231031122, -0.9691564024262573, -1.8889050755463461, -3.091653340395692, -4.506651299041982, -6.34614864528216, -8.751645174980855, -11.581641092273435, 0.38741719389185386, 0.2459173980272241, 0.061967663403207335, -0.17858198956666163, -0.46158158129592036, -0.815331070957493, -1.3105803564836944, -1.8765795399422105, -2.5840785192653555, -3.503827192385444, -4.70657545723479, -6.12157341588108, -7.961070762121258, -10.366567291819953, -13.196563209112531, -1.1459332894488132, -1.2662081159337473, -1.407707911798377, -1.591657646422394, -1.832207299392263, -2.1152068911215216, -2.4689563807830943, -2.9642056663092955, -3.530204849767811, -4.2377038290909566, -5.157452502211045, -6.360200767060392, -7.775198725706682, -9.614696071946861, -12.020192601645553, -1.988992252796275, -2.109267079281209, -2.250766875145839, -2.434716609769856, -2.675266262739725, -2.9582658544689835, -3.3120153441305566, -3.807264629656758, -4.3732638131152735, -5.080762792438419, -6.000511465558508, -7.203259730407853, -8.618257689054145, -10.457755035294323, 1.6891569711690213, 1.5971821038570129, 1.476907277372078, 1.335407481507449, 1.1514577468834313, 0.9109080939135623, 0.627908502184304, 0.2741590125227313, -0.2210902730034703, -0.7870894564619864, -1.4945884357851316, -2.4143371089052197, -3.6170853737545654, -5.032083332400856, -6.871580678641034, -9.27707720833973, -12.107073125632308, -15.644568022248034, -1.600076538499569, -1.6920514058115774, -1.8123262322965124, -1.9538260281611413, -2.137775762785159, -2.378325415755028, -2.6613250074842862, -3.015074497145859, -3.5103237826720606, -4.076322966130576, -4.783821945453721, -5.703570618573809, -6.906318883423156, -8.321316842069448, 5.201593607092519, 4.706344321566318, 4.140345138107802, 3.432846158784657, 2.5130974856645683, 1.310349220815222, -0.1046487378310679, -1.9441460840712457, -4.349642613769938, -7.179638531062518, -10.717133427678245, -15.669626282940259, -21.32961811752542, 4.930249728966199, 4.809974902481264, 4.6684751066166355, 4.484525371992618, 4.243975719022749, 3.960976127293491, 3.6072266376319178, 3.1119773521057166, 2.5459781686472005, 1.8384791893240555, 0.9187305162039671, -0.28401774864537926, -1.6990157072916694, -3.5385130535318465, 3.3099239673907643, 3.1896491409058294, 3.0481493450412005, 2.8641996104171827, 2.6236499574473138, 2.3406503657180555, 1.9869008760564824, 1.4916515905302812, 0.925652407071765, 0.2181534277486201, -0.7015952453714682, -1.9043435102208148, -3.319341468867105, -5.158838815107282, 2.492884531521569, 2.372609705036634, 2.2311099091720052, 2.0471601745479875, 1.8066105215781187, 1.5236109298488607, 1.1698614401872875, 0.6746121546610864, 0.10861297120257027, -0.5988860081205747, -1.518634681240663, -2.7213829460900096, -4.1363809047363, -5.975878250976478, 5.467664145417593, 5.326164349552963, 5.142214614928946, 4.901664961959077, 4.618665370229818, 4.264915880568246, 3.769666595042045, 3.2036674115835284, 2.496168432260384, 1.576419759140295, 0.3736714942909484, -1.0413264643553417, -2.880823810595519, -5.286320340294211, -8.116316257586794, 3.8636899926697597, 3.72219019680513, 3.538240462181113, 3.297690809211244, 3.0146912174819853, 2.660941727820413, 2.1656924422942114, 1.5996932588356954, 0.8921942795125503, -0.027554393607538225, -1.230302658456885, -2.6453006171031745, -4.484797963343352, 2.3481467543826575, 2.2278719278977235, 2.0863721320330932, 1.9024223974090764, 1.6618727444392076, 1.378873152709949, 1.0251236630483767, 0.5298743775221749, -0.03612480593634107, -0.743623785259486, -1.6633724583795748, -2.8661207232289216, -4.281118681875212, -6.120616028115389, 1.5190123583437474, 1.3987375318588133, 1.2572377359941833, 1.0732880013701664, 0.8327383484002975, 0.5497387566710388, 0.19598926700946648, -0.29926001851673517, -0.8652592019752512, -1.5727581812983962, -2.4925068544184845, -3.6952551192678316, -5.1102530779141215, -6.949750424154298, 4.339057203360331, 4.155107468736314, 3.9145578157664445, 3.631558224037186, 3.2778087343756135, 2.782559448849412, 2.216560265390896, 1.509061286067751, 0.5893126129476627, -0.6134356519016839, -2.0284336105479746, -3.8679309567881517, -6.2734274864868445, -9.103423403779425, -12.640918300395152, -17.593411155657165, -23.253402990242325, 2.8634491303459537, 2.721949334481325, 2.537999599857307, 2.297449946887438, 2.0144503551581794, 1.660700865496607, 1.1654515799704053, 0.5994523965118891, -0.10804658281125559, -1.0277952559313441, -2.2305435207806905, -3.6455414794269805, -5.485038825667158, -7.89053535536585, 1.326725745295142, 1.206450918810207, 1.0649511229455781, 0.8810013883215604, 0.6404517353516914, 0.357452143622433, 0.0037026539608604183, -0.49154663156534123, -1.0575458150238572, -1.7650447943470022, -2.684793467467091, -3.8875417323164365, -5.302539690962727, -7.142037037202904, -9.547533566901599, 0.5730334116018427, 0.48105854428983424, 0.3607837178048993, 0.21928392194027044, 0.03533418731625268, -0.20521546565361629, -0.4882150573828746, -0.8419645470444472, -1.3372138325706489, -1.903213016029165, -2.6107119953523092, -3.530460668472398, -4.733208933321745, -6.1482068919680355, -7.987704238208212, 3.7535757063229793, 3.6120759104583504, 3.4281261758343327, 3.1875765228644637, 2.904576931135206, 2.5508274414736327, 2.0555781559474315, 1.4895789724889152, 0.7820799931657705, -0.13766867995431833, -1.3404169448036647, -2.755414903449955, -4.5949122496901325, -7.0004087793888266, -9.830404696681407, 0.6538160748661568, 0.5618412075541475, 0.4415663810692124, 0.30006658520458346, 0.11611685058056573, -0.12443280238930324, -0.40743239411856097, -0.7611818837801341, -1.2564311693063352, -1.8224303527648513, -2.5299293320879963, -3.4496780052080847, -4.652426270057432, -6.067424228703721, -7.9069215749439, 2.3213822758695093, 2.250632377937195, 2.158657510625186, 2.038382684140251, 1.896882888275622, 1.7129331536516041, 1.4723835006817352, 1.189383908952477, 0.8356344192909042, 0.34038513376470275, -0.2256140496938128, -0.9331130290169583, -1.8528617021370466, -3.055609966986393, -4.470607925632683, -6.310105271872859, 0.625707794329173, 0.5549578963968586, 0.46298302908484973, 0.3427082025999148, 0.20120840673528587, 0.017258672111268122, -0.22329098085860086, -0.5062905725878591, -0.8600400622494319, -1.3552893477756331, -1.9212885312341488, -2.628787510557294, -3.5485361836773825, -4.751284448526729, -6.166282407173019, -8.005779753413197, -1.1579819825293312, -1.2287318804616454, -1.3207067477736543, -1.4409815742585892, -1.582481370123218, -1.7664311047472359, -2.006980757717105, -2.2899803494463633, -2.643729839107936, -3.1389791246341376, -3.7049783080926533, -4.412477287415798, -5.332225960535887, -6.534974225385233, -7.949972184031523, -9.7894695302717, -2.102537005257095, -2.1732869031894095, -2.2652617705014184, -2.3855365969863533, -2.5270363928509822, -2.710986127475, -2.951535780444869, -3.2345353721741272, -3.5882848618357, -4.083534147361901, -4.649533330820416, -5.357032310143562, -6.2767809832636505, -7.479529248112997, -8.894527206759287, -10.734024552999465, 8.767437665236969, 8.484438073507711, 8.130688583846139, 7.6354392983199375, 7.069440114861421, 6.3619411355382764, 5.442192462418188, 4.239444197568841, 2.824446238922551, 0.9849488926823737, -1.4205476370163193, -4.250543554308899, -7.788038450924625, -12.74053130618664, 7.601416099140157, 7.417466364516139, 7.17691671154627, 6.893917119817012, 6.540167630155439, 6.044918344629238, 5.4789191611707215, 4.771420181847577, 3.851671508727488, 2.6489232438781416, 1.2339252852318519, -0.605572061008326, -3.0110685907070183, -5.841064507999598, -9.378559404615325, -14.331052259877337, 5.987298432016728, 5.803348697392711, 5.5627990444228415, 5.279799452693584, 4.926049963032011, 4.43080067750581, 3.8648014940472937, 3.157302514724149, 2.2375538416040603, 1.0348055767547137, -0.38019238189157606, -2.219689728131754, -4.625186257830447, -7.455182175123025, 5.175061714886981, 4.991111980262963, 4.750562327293094, 4.4675627355638365, 4.113813245902263, 3.618563960376062, 3.0525647769175457, 2.345065797594401, 1.4253171244743126, 0.22256885962496595, -1.1924290990213238, -3.0319264452615013, -5.437422974960195, 7.782325526555108, 7.541775873585238, 7.2587762818559805, 6.905026792194406, 6.409777506668205, 5.84377832320969, 5.136279343886545, 4.216530670766456, 3.0137824059171097, 1.5987844472708197, -0.24071289896935769, -2.6462094286680506, -5.47620534596063, -9.013700242576359, -13.96619309783837, 4.731004687256188, 4.5470549526321715, 4.3065052996623026, 4.023505707933044, 3.6697562182714716, 3.1745069327452704, 2.6085077492867543, 1.9010087699636093, 0.9812600968435208, -0.22148816800582585, -1.6364861266521158, -3.4759834728922936, -5.881480002590987, -8.711475919883567, -12.248970816499293, 6.754011086931689, 6.61251129106706, 6.428561556443042, 6.188011903473173, 5.905012311743914, 5.551262822082342, 5.05601353655614, 4.490014353097624, 3.7825153737744794, 2.862766700654391, 1.6600184358050445, 0.24502047715875427, -1.5944768690814235, 5.129794286497964, 4.9882944906333355, 4.804344756009318, 4.563795103039449, 4.280795511310191, 3.927046021648618, 3.4317967361224166, 2.865797552663901, 2.1582985733407556, 1.2385499002206672, 0.035801635371320834, -1.3791963232749695, -3.2186936695151465, -5.62419019921384, 3.581618398746037, 3.461343572261102, 3.319843776396473, 3.1358940417724552, 2.8953443888025867, 2.6123447970733285, 2.2585953074117557, 1.7633460218855541, 1.1973468384270383, 0.4898478591038931, -0.42990081401619534, -1.6326490788655417, -3.0476470375118323, -4.88714438375201, 2.7269114021635374, 2.6066365756786025, 2.4651367798139736, 2.281187045189956, 2.040637392220087, 1.7576378004908288, 1.4038883108292561, 0.9086390253030545, 0.3426398418445386, -0.3648591374786064, -1.2846078105986947, -2.4873560754480413, -3.9023540340943317, -5.741851380334509, 5.542410169472594, 5.422135342987659, 5.28063554712303, 5.096685812499012, 4.856136159529143, 4.573136567799884, 4.219387078138312, 3.72413779261211, 3.1581386091535943, 2.45063962983045, 1.530890956710361, 0.32814269186101436, -1.0868552667852756, -2.926352613025453, -5.3318491427241455, -8.161845060016727, 2.213739296045722, 2.1217644287337127, 2.0014896022487783, 1.8599898063841491, 1.6760400717601318, 1.4354904187902628, 1.1524908270610044, 0.7987413373994318, 0.3034920518732301, -0.2625071315852858, -0.9700061109084306, -1.8897547840285194, -3.092503048877866, -4.507501007524156, -6.3469983537643335, -8.752494883463028, -11.582490800755608, 2.5695588206534605, 2.4988089227211465, 2.406834055409137, 2.2865592289242027, 2.1450594330595734, 1.961109698435556, 1.720560045465687, 1.4375604537364288, 1.083810964074856, 0.5885616785486545, 0.02256249509013883, -0.6849364842330061, -1.6046851573530947, -2.8074334222024415, -4.2224313808487315, -6.061928727088909, 0.7318628307692545, 0.6611129328369405, 0.5691380655249312, 0.44886323903999664, 0.3073634431753673, 0.12341370855135, -0.11713594441851896, -0.400135536147777, -0.75388502580935, -1.2491343113355513, -1.8151334947940672, -2.5226324741172124, -3.4423811472373007, -4.645129412086647, -6.060127370732937, -7.899624716973115, -1.2807897096946403, -1.3515396076269544, -1.4435144749389637, -1.5637893014238982, -1.7052890972885273, -1.8892388319125448, -2.129788484882414, -2.412788076611672, -2.7665375662732448, -3.261786851799446, -3.827786035257962, -4.535285014581107, -5.455033687701196, -6.657781952550542, -8.072779911196834, -9.91227725743701, -2.404569416461515, -2.475319314393829, -2.5672941817058383, -2.6875690081907733, -2.829068804055402, -3.01301853867942, -3.253568191649289, -3.5365677833785467, -3.89031727304012, -4.385566558566321, -4.951565742024838, -5.659064721347982, -6.578813394468071, -7.7815616593174175, -9.19655961796371, -11.036056964203885, -3.5751082580697293, -3.6458581560020438, -3.7378330233140526, -3.8581078497989876, -3.9996076456636165, -4.183557380287634, -4.424107033257504, -4.7071066249867615, -5.060856114648334, -5.556105400174536, -6.122104583633051, -6.829603562956196, -7.749352236076285, -8.952100500925633, -10.367098459571922, -12.2065958058121, -8.483888009851611, -8.554637907783926, -8.646612775095935, -8.76688760158087, -8.908387397445498, -9.092337132069515, -9.332886785039385, -9.615886376768643, -9.969635866430215, -10.464885151956418, -11.030884335414934, -11.738383314738078, -12.658131987858168, -13.860880252707513, -15.275878211353804, -17.11537555759398, 12.695963603172842, 12.412964011443584, 12.059214521782012, 11.563965236255811, 10.997966052797295, 10.29046707347415, 9.370718400354063, 8.167970135504715, 6.752972176858427, 4.91347483061825, 2.5079783009195564, -0.32201761637302334, -3.859512512988748, 11.124022938468034, 10.841023346738776, 10.487273857077204, 9.992024571551003, 9.426025388092487, 8.718526408769343, 7.798777735649254, 6.596029470799908, 5.181031512153617, 3.34153416591344, 0.9360376362147472, -1.8939582810778326, -5.431453177693558, 9.540683523192188, 9.25768393146293, 8.903934441801358, 8.408685156275157, 7.842685972816641, 7.135186993493496, 6.215438320373408, 5.012690055524061, 3.5976920968777715, 1.7581947506375937, -0.6473017790610991, -3.477297696353679, -7.014792592969404, 8.753034421541399, 8.47003482981214, 8.116285340150569, 7.621036054624369, 7.055036871165853, 6.347537891842708, 5.427789218722619, 4.225040953873273, 2.810042995226983, 0.9705456489868054, -1.4349508807118874, -4.264946798004467, -7.802441694620192, 9.765413213551602, 9.199414030093086, 8.491915050769942, 7.572166377649855, 6.369418112800507, 4.954420154154217, 3.1149228079140396, 0.7094262782153467, -2.1205696390772326, -5.658064535692959, 7.4508103387320235, 7.097060849070451, 6.601811563544249, 6.0358123800857335, 5.328313400762589, 4.4085647276425, 3.2058164627931536, 1.7908185041468636, -0.048678842093313995, -2.454175371792007, -5.284171289084586, 8.543717296572881, 8.260717704843623, 7.90696821518205, 7.411718929655849, 6.845719746197333, 6.138220766874188, 5.218472093754099, 4.015723828904753, 2.6007258702584632, 7.514740223460629, 7.373240427596, 7.189290692971983, 6.948741040002114, 6.665741448272856, 6.311991958611283, 5.8167426730850815, 5.250743489626566, 4.5432445103034205, 3.6234958371833317, 2.4207475723339855, 1.0057496136876956, 5.899302725233231, 5.757802929368602, 5.573853194744585, 5.333303541774716, 5.050303950045458, 4.696554460383885, 4.2013051748576835, 3.6353059913991674, 2.927807012076023, 2.008058338955934, 0.8053100741065877, 5.089808673003399, 4.94830887713877, 4.764359142514754, 4.523809489544885, 4.240809897815627, 3.887060408154053, 3.391811122627852, 2.8258119391693364, 2.1183129598461914, 1.1985642867261026, -0.00418397812324381, 6.741414662069404, 6.67066476413709, 6.578689896825081, 6.458415070340146, 6.316915274475517, 6.132965539851499, 5.89241588688163, 5.609416295152372, 5.255666805490799, 4.760417519964598, 4.194418336506082, 3.486919357182937, 2.567170684062848, 1.364422419213502, 3.4247422827432774, 3.353992384810963, 3.2620175174989536, 3.1417426910140187, 3.00024289514939, 2.816293160525372, 2.575743507555503, 2.2927439158262453, 1.9389944261646725, 1.443745140638471, 0.8777459571799555, 0.17024697785681017, -0.7495016952632786, -1.9522499601126246, 2.9059411094830967, 2.8351912115507822, 2.743216344238774, 2.622941517753839, 2.48144172188921, 2.297491987265192, 2.0569423342953232, 1.7739427425660654, 1.4201932529044923, 0.9249439673782907, 0.3589447839197745, -0.34855419540337046, -1.2683028685234587, -2.471051133372805, -3.8860490920190944, -5.725546438259273, -8.131042967957965, 1.2040864664241702, 1.1333365684918557, 1.0413617011798468, 0.9210868746949119, 0.779587078830283, 0.5956373442062652, 0.3550876912363962, 0.07208809950713843, -0.28166139015443475, -0.7769106756806359, -1.342909859139152, -2.050408838462297, -2.9701575115823853, -4.172905776431731, -5.587903735078021, -7.427401081318199, -0.5602772121262007, -0.6310271100585152, -0.7230019773705241, -0.843276803855459, -0.9847765997200879, -1.1687263343441054, -1.4092759873139744, -1.6922755790432322, -2.0460250687048056, -2.541274354231007, -3.107273537689523, -3.814772517012668, -4.734521190132756, -5.937269454982102, -7.352267413628392, -9.19176475986857, -1.4711206758358923, -1.5418705737682068, -1.6338454410802157, -1.7541202675651506, -1.8956200634297795, -2.0795697980537975, -2.3201194510236665, -2.6031190427529243, -2.9568685324144974, -3.4521178179406986, -4.018117001399214, -4.72561598072236, -5.6453646538424485, -6.848112918691794, -8.263110877338084, -10.102608223578263, -0.1553400769839293, -0.22608997491624375, -0.31806484222825265, -0.4383396687131876, -0.5798394645778164, -0.7637891992018342, -1.0043388521717027, -1.287338443900961, -1.6410879335625337, -2.1363372190887353, -2.7023364025472514, -3.4098353818703964, -4.329584054990485, -5.53233231983983, -3.7146623572899515, -3.785412255222266, -3.877387122534275, -3.99766194901921, -4.139161744883839, -4.3231114795078565, -4.5636611324777245, -4.846660724206983, -5.2004102138685555, -5.695659499394758, -6.261658682853274, -6.969157662176419, -7.888906335296507, -9.091654600145853, 11.294458784360126, 10.374710111240036, 9.171961846390692, 7.756963887744402, 5.917466541504225, 3.5119700118055315, 0.6819740945129518, -2.855520802102774, -7.808013657364789, -13.468005491949954, 10.431735672706964, 9.72423669338382, 8.804488020263731, 7.6017397554143855, 6.1867417967680955, 4.347244450527918, 1.941747920829225, -0.888247996463355, -4.4257428930790805, -9.378235748341096, -15.03822758292626, 9.416790340768506, 8.850791157309988, 8.143292177986844, 7.223543504866757, 6.020795240017409, 4.60579728137112, 2.766299935130942, 0.36080340543224926, -2.46919251186033, -6.006687408476057, -10.959180263738071, 9.479769551808726, 9.126020062147154, 8.630770776620952, 8.064771593162435, 7.357272613839291, 6.4375239407192035, 5.234775675869857, 3.819777717223567, 1.9802803709833892, -0.4252161587153039, -3.2552120760078833, -6.792706972623608, -11.745199827885624, 10.005417180748989, 9.297918201425844, 8.378169528305756, 7.17542126345641, 5.7604233048101205, 3.920925958569942, 1.5154294288712493, -1.3145664884213304, -4.8520613850370555, -9.804554240299073, -15.46454607488423, 8.998928737750218, 8.432929554291702, 7.7254305749685575, 6.8056819018484696, 5.602933636999122, 4.187935678352832, 2.348438332112654, -0.05705819758603872, -2.8870541148786177, -6.424549011494343, -11.37704186675636, -17.037033701341517, 8.971325031645499, 8.78737529702148, 8.54682564405161, 8.263826052322353, 7.91007656266078, 7.414827277134579, 6.8488280936760635, 6.141329114352918, 5.22158044123283, 4.018832176383484, 2.6038342177371936, 0.7643368714970158, -1.6411596582016774, -4.471155575494257, 8.183157075756483, 7.999207341132465, 7.758657688162596, 7.475658096433338, 7.121908606771765, 6.626659321245564, 6.060660137787048, 5.353161158463903, 4.4334124853438155, 3.230664220494468, 1.8156662618481783, -0.023831084391999796, -2.4293276140906928, 9.47936660876837, 9.238816955798502, 8.955817364069244, 8.60206787440767, 8.106818588881469, 7.540819405422955, 6.833320426099809, 5.9135717529797205, 4.710823488130374, 3.295825529484084, 1.4563281832439061, 8.215346162186146, 8.073846366321517, 7.889896631697501, 7.649346978727631, 7.366347386998373, 7.012597897336801, 6.5173486118106, 5.951349428352084, 5.243850449028938, 4.32410177590885, 3.121353511059503, 1.7063555524132128, -0.1331417938269648, 6.890579337527749, 6.819829439595434, 6.727854572283425, 6.60757974579849, 6.466079949933861, 6.282130215309843, 6.041580562339974, 5.7585809706107165, 5.404831480949143, 4.909582195422942, 4.3435830119644265, 3.636084032641281, 2.7163353595211928, 1.5135870946718464, 0.09858913602555594, -1.7409082102146216, 6.086306998038624, 6.015557100106309, 5.9235822327943, 5.803307406309366, 5.661807610444737, 5.477857875820718, 5.23730822285085, 4.9543086311215925, 4.600559141460019, 4.105309855933818, 3.5393106724753025, 2.831811693152157, 1.9120630200320685, 0.7093147551827221, -0.7056832034635683, -2.545180549703746, 7.346021590298645, 7.254046722986636, 7.133771896501701, 6.992272100637072, 6.808322366013054, 6.567772713043185, 6.284773121313927, 5.931023631652354, 5.435774346126153, 4.869775162667636, 4.162276183344492, 3.242527510224403, 2.0397792453750565, 0.6247812867287665, -1.2147160595114108, -3.6202125892101047, -6.450208506502683, 4.052271674458136, 3.9602968071461264, 3.8400219806611915, 3.6985221847965626, 3.514572450172545, 3.274022797202676, 2.991023205473418, 2.637273715811845, 2.1420244302856437, 1.576025246827128, 0.868526267503983, -0.051222405616105665, -1.2539706704654523, -2.6689686291117423, -4.508465975351919, -6.9139625050506135, -9.743958422343193, 4.853484389590564, 4.78273449165825, 4.69075962434624, 4.5704847978613055, 4.4289850019966766, 4.245035267372659, 4.00448561440279, 3.721486022673532, 3.367736533011959, 2.8724872474857577, 2.306488064027241, 1.5989890847040964, 0.6792404115840076, -0.5235078532653381, -1.9385058119116279, -3.778003158151807, -6.1834996878504995, 3.2038294158553215, 3.133079517923007, 3.0411046506109978, 2.920829824126063, 2.779330028261434, 2.595380293637416, 2.354830640667547, 2.0718310489382894, 1.7180815592767162, 1.222832273750515, 0.6568330902919991, -0.05066588903114602, -0.9704145621512348, -2.1731628270005805, -3.5881607856468705, -5.427658131887049, 1.5122310288571637, 1.4414811309248492, 1.3495062636128403, 1.2292314371279054, 1.0877316412632765, 0.903781906639259, 0.66323225366939, 0.3802326619401321, 0.02648317227855898, -0.46876611324764256, -1.0347652967061585, -1.7422642760293034, -2.6620129491493922, -3.864761213998738, -5.2797591726450275, 0.650881231546349, 0.5801313336140346, 0.48815646630202564, 0.3678816398170907, 0.22638184395246183, 0.04243210932844407, -0.1981175436414249, -0.48111713537068274, -0.8348666250322558, -1.3301159105584572, -1.8961150940169733, -2.6036140733401183, -3.523362746460207, -4.726111011309553, -6.141108969955842, 1.8447350655625276, 1.7244602390775932, 1.5829604432129638, 1.3990107085889465, 1.1584610556190775, 0.8754614638898193, 0.5217119742282466, 0.026462688702044906, -0.5395364947564707, -1.2470354740796161, -2.1667841471997047, -3.3695324120490504, -4.784530370695342, -6.624027716935519, -9.029524246634212, -1.3981091091200115, -1.4688590070523255, -1.5608338743643349, -1.6811087008492693, -1.8226084967138987, -2.006558231337916, -2.247107884307785, -2.5301074760370432, -2.883856965698616, -3.3791062512248176, -3.945105434683333, -4.652604414006478, -5.572353087126568, -6.775101351975913, -8.190099310622205, 10.965078331939035, 10.724528678969167, 10.441529087239909, 10.087779597578335, 9.592530312052135, 9.02653112859362, 8.319032149270473, 7.399283476150385, 6.196535211301039, 4.78153725265475, 2.9420399064145717, 0.5365433767158787, -2.293452540576701, -5.8309474371924255, 9.37783426049986, 9.13728460752999, 8.854285015800732, 8.50053552613916, 8.005286240612959, 7.439287057154444, 6.731788077831299, 5.81203940471121, 4.609291139861863, 3.1942931812155737, 1.3547958349753961, -1.050700694723297, -3.8806966120158766, -7.418191508631601, 7.774662811659359, 7.53411315868949, 7.251113566960232, 6.897364077298659, 6.4021147917724575, 5.836115608313942, 5.128616628990796, 4.2088679558707085, 3.006119691021362, 1.5911217323750722, -0.24837561386510545, -2.653872143563799, -5.483868060856379, 6.984000793977841, 6.743451141007973, 6.460451549278715, 6.106702059617141, 5.611452774090941, 5.045453590632425, 4.3379546113092795, 3.4182059381891907, 2.215457673339844, 0.8004597146935546, -1.039037631546623, -3.444534161245316, -6.274530078537896, 9.262952212159114, 8.979952620429856, 8.626203130768284, 8.130953845242082, 7.564954661783567, 6.857455682460422, 5.9377070093403335, 4.734958744490987, 3.319960785844697, 1.4804634396045189, -0.9250330900941746, -3.755029007386754, 7.903396423659455, 7.662846770689586, 7.379847178960327, 7.026097689298755, 6.530848403772554, 5.964849220314037, 5.257350240990892, 4.337601567870803, 3.1348533030214574, 1.719855344375167, -0.11964200186501064, -2.5251385315637034, -5.355134448856283, 6.283309837826406, 6.042760184856537, 5.759760593127278, 5.406011103465706, 4.9107618179395045, 4.344762634480988, 3.6372636551578434, 2.7175149820377547, 1.5147667171884083, 0.09976875854211806, -1.7397285876980597, -4.145225117396753, -6.975221034689332, 5.488218704389898, 5.247669051420029, 4.964669459690771, 4.610919970029198, 4.115670684502997, 3.5496715010444806, 2.842172521721336, 1.922423848601247, 0.7196755837519007, -0.6953223748943893, -2.5348197211345673, -4.94031625083326, 7.663769037621928, 7.423219384652058, 7.1402197929228, 6.786470303261226, 6.291221017735025, 5.7252218342765095, 5.017722854953365, 4.097974181833276, 6.204275384579387, 6.02032564995537, 5.7797759969855, 5.4967764052562424, 5.143026915594669, 4.647777630068467, 4.081778446609952, 3.374279467286807, 4.668691443972852, 4.527191648108222, 4.3432419134842055, 4.102692260514336, 3.819692668785078, 3.4659431791235047, 2.9706938935973035, 2.404694710138788, 3.978941492493025, 3.858666666008091, 3.717166870143461, 3.533217135519444, 3.2926674825495743, 3.0096678908203165, 2.655918401158744, 2.160669115632542, 1.5946699321740265, 6.428260681650771, 6.357510783718457, 6.265535916406448, 6.1452610899215125, 6.003761294056884, 5.819811559432866, 5.579261906462997, 5.296262314733739, 4.942512825072167, 4.447263539545965, 3.881264356087449, 3.173765376764304, 2.2540167036442154, 1.0512684387948692, -0.36372951985142116, -2.203226866091599, 2.906455822540935, 2.8357059246086207, 2.7437310572966123, 2.623456230811677, 2.481956434947048, 2.2980067003230302, 2.0574570473531613, 1.7744574556239034, 1.420707965962331, 0.9254586804361294, 0.3594594969776134, -0.34803948234553156, -1.26778815546562, -2.4705364203149665, -3.885534378961257, -5.725031725201434, 0.9719566909483346, 0.9012067930160201, 0.8092319257040108, 0.6889570992190759, 0.547457303354447, 0.36350756873042916, 0.12295791576056023, -0.1600416759686976, -0.5137911656302707, -1.009040451156472, -1.575039634614988, -2.282538613938133, -3.2022872870582213, -4.405035551907568, -5.820033510553857, -7.659530856794036, -1.1276803820571293, -1.1984302799894437, -1.2904051473014526, -1.4106799737863875, -1.5521797696510164, -1.7361295042750342, -1.9766791572449032, -2.259678748974161, -2.613428238635734, -3.1086775241619353, -3.6746767076204514, -4.382175686943596, -5.301924360063685, -6.504672624913032, -7.919670583559321, -9.7591679297995, -3.4047355953996865, -3.475485493332001, -3.5674603606440094, -3.6877351871289443, -3.8292349829935732, -4.013184717617591, -4.25373437058746, -4.536733962316719, -4.890483451978291, -5.385732737504493, -5.951731920963009, -6.659230900286153, -7.578979573406242, -8.78172783825559, -10.196725796901879, -12.036223143142058, -4.371933752278894, -4.442683650211208, -4.534658517523217, -4.6549333440081515, -4.79643313987278, -4.980382874496798, -5.220932527466667, -5.503932119195926, -5.857681608857498, -6.352930894383699, -6.918930077842216, -7.626429057165361, -8.54617773028545, -9.748925995134796, -11.163923953781087, -13.003421300021264, -2.083403124322513, -2.1541530222548273, -2.246127889566836, -2.366402716051771, -2.5079025119164, -2.6918522465404178, -2.9324018995102867, -3.2154014912395446, -3.5691509809011177, -4.064400266427319, -4.630399449885835, -5.3378984292089795, -6.257647102329068, -7.460395367178415, -6.822385557093643, -6.8931354550259565, -6.985110322337966, -7.105385148822901, -7.24688494468753, -7.430834679311547, -7.671384332281416, -7.954383924010674, -8.308133413672248, -8.80338269919845, -9.369381882656965, -10.07688086198011, -10.9966295351002, -12.199377799949545, -13.614375758595836, -15.453873104836012]"
predictions.residuals,"[-1.5485078768555347, -2.265508285126277, -1.1617587954647037, 0.9734904900614978, 1.4094896735200184, 0.22698865284316283, 0.7767373259632466, -0.1605144091873929, -0.5055164505411085, -0.42601910430093604, -0.4105225746022425, 0.6594733426903474, 1.046968239306068, 2.4794610945680837, -0.16057989297127784, 1.303369841652741, 1.9339194946226248, 1.0969190863518639, 0.5706685760134417, 1.9659178615396484, 2.16191704499816, 0.35941602432130004, 0.40916469744139805, -0.5180870377092655, -0.6030890790629755, -0.39359173282279336, 0.5119047968759016, -0.058099285831525904, 1.4793956107842003, -7.246722099357921, -5.985972201425609, -2.433997334113606, -0.28372250762866974, 2.007777288235965, 3.86172702285997, 4.572276675829838, 3.655276267559107, 1.6090257572206748, 0.6542750427468873, 0.86027422620539, -0.7222267944714575, -0.882478121351367, -0.7697298565020239, -0.7947318978557316, -0.5152345516155563, 0.44026197808313405, 0.6302578953757134, 1.6477527919914436, -7.359738882451874, -5.888988984519554, -1.6270141172075434, 0.7732607092773927, 3.1847605051420174, 5.148710239766036, 5.5292598927359204, 3.942259484465159, 1.2860089741267413, -0.2087417403470666, 0.36725744311145503, -0.545243577565405, -1.245494904445306, -1.0327466395959695, -2.1177486809496786, -2.1482513347094905, -3.0027548050108024, -2.4227588877182225, 0.09486335240992494, -0.7521370558608127, -0.5183875661992441, 0.7368617193269622, 1.3128609027854692, -0.10964011789138126, -0.30989144477129726, -0.7371431799219463, -1.4521452212756518, -1.1226478750354802, -1.4671513453367862, -0.5171554280442017, -1.2496605314284857, 1.0628323238335255, -2.6194148817123537, -0.34914005522741326, 2.4523597406372124, 4.286309475261236, 5.046859128231087, 4.079858719960359, 2.0636082096219273, -0.44114250485187156, 0.01485667860664508, -0.39764434207021493, -1.347895668950117, -1.515147404100774, -1.600149445454485, -1.2506520992143013, -1.345155569515608, -1.7751596522230333, -1.1176647556073043, 0.7257179081645626, 1.7572177040292072, 2.8411674386532297, 3.221717091623085, 3.0147166833523347, 1.998466173013917, 1.3737154585401137, 0.9497146419986349, 0.15721362132178007, -1.4330377055581363, -1.4802894407087903, -2.195291482062496, -2.3557941358223182, -1.4502976061236232, -3.03030168883104, 0.935640025003674, 3.0971398208683, 4.671089555492303, 5.291639208462196, 4.95463880019145, 3.308388289853008, 0.9136375753792092, 0.10963675883773494, 0.18713573816087026, -1.1431155887190414, -1.4403673238696948, -1.4053693652234003, -1.1958720189832182, -0.6703754892845186, 0.5296204280080499, -0.37800949165566733, 1.9022653348292633, 4.203765130693904, 6.047714865317918, 6.548264518287777, 5.591264110017056, 3.435013599678623, 0.9102628852048138, -0.7737379313366706, -0.4362389520135155, -0.7564902788934358, -1.6837420140440846, -1.2687440553977947, -1.1792467091576153, -2.1637501794589244, 0.2710494716917917, 2.671324298176727, 4.962824094041363, 6.296773828665385, 6.547323481635245, 4.960323073364499, 3.3140725630260723, 1.0593218485522735, -0.37467896798921085, -0.1571799886660603, -0.7274313155459664, -2.0246830506966207, -2.359685092050329, -4.660187745810152, -0.13009975227350346, 1.7418751150385203, 3.2621499415234325, 4.543649737388076, 5.6275994720121, 6.008149124981955, 5.551148716711204, 4.284898206372801, 2.030147491898988, 0.3461466753575042, 0.4336456546806591, -0.6466056721992528, -1.6838574073499162, -2.0188594487036253, -1.799362102463438, -1.8938655727647422, -1.8238696554721692, -1.786374758856443, 0.3071337573950972, 3.6991086247071028, 5.609383451192044, 7.290883247056665, 8.374832981680688, 8.265382634650564, 6.548382226379822, 4.522131716041384, 1.8873810015675763, 0.20338018502609145, 0.1808791643492471, -0.3893721625306741, -2.066623897681323, -2.7816259390350258, -1.893536388196992, -0.40828710267081014, -0.73228791921228, 0.0852110601108782, 0.48495973323095676, -0.3222920019197022, -0.42729404327340825, -0.8477966970332356, -2.462300167334539, 0.4776957499580403, 3.5051906465737623, 5.817683501835775, 10.967675336420946, -10.226192510070671, -7.985917683585746, -5.7244178877211125, -3.1604681530970993, -1.5499185001272258, -0.506918908397977, -0.5331694187363993, -1.1579201332101885, -0.8419209497516724, -0.13442197042852744, -0.5946732973084486, -1.1419250324591024, -0.7269270738128122, -2.887429727572635, -7.090866748495236, -4.46059192201031, -1.6890921261456855, 1.0048576084783516, 2.7454072614482206, 3.2584068531774686, 2.5721563428390497, 0.7674056283652395, -0.45659518817623634, -0.02909620885309258, 0.49065246426699005, 0.5334007291163401, 0.6583986877626238, -2.2121039659971924, -6.733827312626048, -3.573552486141107, -0.39205269027648626, 2.5818970443475378, 4.082446697317398, 4.23544628904666, 2.799195778708241, 0.11444506423443546, -1.4895557523070502, -0.7920567729839103, 0.12769190013617804, -0.07955983501447195, -0.19456187636818267, -2.045064530128003, -5.187606926522071, -3.676107130657437, -2.6221573960334297, -1.521607743063547, -0.4986081513343077, -0.2848586616727218, -0.8096093761465166, -1.1436101926880058, -0.3261112133648618, -0.2963625402447736, -1.1236142753954281, -0.978616316749134, -1.1691189705089577, -3.5536224408102717, -3.6336265235176857, -6.407632773774236, -3.866132977909615, -1.5321832432855924, 0.35836640968426803, 1.151366001413546, 1.2651154910751092, -0.24963522339869426, -1.8236360399401788, -1.8661370606170338, -1.0663883874969355, -1.3736401226475938, -1.7186421640013094, -1.6391448177611228, -7.047089535487135, -4.916814709002196, -1.765314913137575, 0.678634821486447, 2.53918447445632, 2.932184066185564, 2.39593355584715, 0.4711828413733502, -2.00281797516814, -2.6953189958449864, -1.545570322724908, -1.7428220578755527, -1.7278240992292684, -2.2983267529890874, -6.20795513944822, -2.81768031296329, 0.5838194829013452, 3.1477692175253433, 4.638318870495212, 4.9213184622244714, 3.645067951886048, 1.260317237412254, -0.9336835791292208, -1.8561845998060855, -0.8164359266859926, -0.6136876618366456, -1.4586897031903607, -2.7491923569501795, -2.4169999844648133, 0.04694975015921887, 1.9374994031290655, 3.240498994858334, 3.6042484845198977, 1.8494977700460993, -0.8345030464953704, -2.007004067172235, -1.3172553940521368, -2.4945071292028, -1.6895091705565086, -2.3500118243163315, -5.714515294617635, -2.624519377325049, 2.062975519290669, 5.525468374552688, 8.055460209137852, -4.425391911450431, -0.24389211558581003, 2.5900576190382134, 4.730607272008088, 5.283606863737329, 4.767356353398925, 2.262605638925127, -1.1813951776163623, -2.3438961982932223, -1.4141475251731286, -1.9513992603237913, -1.1564013016774917, -2.1969039554373238, -4.421407425738627, -3.9336685263996207, -2.16339369991468, 1.1381060959499452, 3.8620558305739694, 4.992605483543825, 4.7756050752730825, 3.4993545649346602, 0.9746038504608656, -2.1193969660806147, -3.4218979867574753, -1.7321493136373904, -1.7894010487880356, -1.88440309014175, -3.444905743901579, -2.1594092142028742, -5.219976192706328, -1.7080013253943178, 0.9522735010906234, 3.8837732969552445, 5.477723031579258, 6.238272684549138, 5.521272276278396, 4.125021765939969, 1.7302710514661699, -0.8437297650753146, -2.0162307857521657, -1.076482112632081, -1.2437338477827389, -2.7187358891364486, -4.149238542896268, -0.8895184874274547, 1.4319813084371669, 3.5359310430612005, 5.456480696031048, 6.259480287760316, 5.993229777421885, 3.5684790629480982, -0.43552175359339285, -1.8780227742702538, -1.5782741011501553, -3.165525836300815, -4.030527877654526, -3.321030531414344, -2.935534001715646, -3.6555380844230765, 1.5212411440293607, 4.293216011341377, 5.943490837826313, 7.114990633690943, 7.058940368314952, 4.779490021284839, 1.1524896130140858, 1.6462391026756595, -0.49851161179813985, -5.102512428339626, -6.155013449016486, -2.945264775896391, -4.3825165110470445, -3.4575185524007503, -4.388021206160581, 11.600674943026021, 12.831424840958334, 12.813399708270328, 12.56367453475526, 10.065174330619902, 7.219124065243919, 4.439673718213777, 0.8126733099430388, 1.6864227996046217, 0.5516720851308134, -1.902328731410667, -1.814829752087526, -2.525081078967433, -2.5723328141180866, -5.067334855471794, -2.707837509231621, 9.772349424566357, 10.993099322498649, 10.985074189810664, 10.745349016295613, 8.136848812160242, 6.080798546784251, 3.8313481997541112, 0.8643477914833836, 1.7480972811449575, -0.12665343332884582, -2.56065424987033, -3.213155270547184, -4.153406597427095, -2.8006583325777434, -5.525660373931454, -5.296163027691275, 7.311039201424857, 8.281789099357177, 8.633763966669177, 8.644038793154099, 7.045538589018746, 5.8594883236427595, 3.4700379766126335, -0.006962431658113388, 0.9967870580034508, -0.637963656470343, -3.3219644730118274, -3.864465493688683, -5.194716820568594, -4.2219685557192514, -4.926970597072952, -4.207473250832779, 5.945594224152619, 7.42634412208493, 7.668318989396944, 7.818593815881881, 5.860093611746516, 4.064043346370514, 1.324592999340394, -2.502407408930347, -0.7386579192687779, -1.713408633742576, -4.877409450284064, -4.769910470960913, -5.330161797840828, -4.717413532991485, -4.912415574345195, -3.4129182281050205, -7.786380446341454, -6.013380854612187, -4.039631364950624, -2.804382079424414, -3.258382895965908, -3.070883916642745, -0.9011352435226563, -0.2183869786733199, -1.2033890200270356, -0.3938916737868452, -0.8883951440881579, -0.33839922679557954, 0.039095669820150114, 1.2015885250821583, -11.864358880244641, -8.670409145620619, -5.2998594926507545, -3.146859900921492, -1.4231104112599144, -0.6978611257337235, -0.6418619422751979, -1.84436296295205, -0.9346142898319663, -0.2518660249826157, -0.8668680663363271, -0.927370720096155, 0.07812580960254589, 0.25812172689512014, 1.6356166235108507, 2.298109478772856, -11.310241213121202, -6.236291478497184, -2.495741825527314, -0.08274223379807477, 1.2610072558635066, 1.7462565413897169, 0.9322557248482379, -1.1302452958286278, -1.470496622708544, -0.5277483578591884, -1.0027503992128992, -1.303253052972722, 0.3422434767259661, -1.9677606059814563, -8.394004495991455, -3.8300547613674416, -0.4695051083975823, 1.68349448333168, 2.5172439729932714, 2.362493258519467, 1.0184924419779868, -1.3140085786988749, -2.054259905578797, -1.251511640729442, -1.2465136820831488, -2.067016335842982, -1.4415198061442895, -5.21426830765959, -4.983718654689711, -3.3207190629604577, -1.5969695732988791, -0.6017202877726779, -0.5657211043141634, -1.63822212499102, -1.9984734518709324, -1.3157251870215818, -2.0707272283752935, -2.6512298821351177, -1.6557333524364215, -2.6357374351438443, -2.788242538528113, -0.505749683266103, -8.557947468360666, -3.573997733736652, -0.313448080766773, 1.7295515109624766, 2.323301000624058, 2.038550286150258, 0.6945494696087775, -1.1479515510680889, -2.898202877948002, -2.7254546130986563, -1.7004566544523672, -2.1509593082121814, -2.2954627785134853, -3.535466861220913, -3.9379719646051843, -7.468953868036172, -5.157454072171541, -2.2935043375475166, 0.25704531542235465, 2.460044907151601, 3.7237943968131697, 3.3490436823393956, 1.7850428657978874, -1.0274581548789636, -4.387709481758862, -5.064961216909525, -5.019963258263226, -6.830465912023053, -3.1587370676024404, -0.45723727173782347, 2.166712462886192, 3.6972621158560814, 3.0102617075853404, 2.014011197246891, 2.2992604827731125, 1.0052596662316144, -2.9172413544452356, -4.487492681325142, -5.1347444164758045, -4.699746457829503, -4.330249111589326, -4.284752581890632, -3.070561179850521, -0.6602863533655796, 1.7812134424990607, 4.385163177123066, 5.025712830092941, 3.0587124218221984, 0.022461911483770525, -0.3322888029900364, -1.3862896195315109, -4.828790640208371, -5.269041967088282, -6.066293702238936, -4.75129574359264, -3.2717983973524616, -1.821854183268016, 0.3384206432169252, 2.37992043908156, 4.35387017370557, 4.614419826675449, 1.6474194184047068, -2.2488310919337344, -1.983581806407537, -2.407582622949016, -5.320083643625876, -5.260334970505786, -6.16758670565644, -5.242588747010144, -3.503091400769975, -1.6653529505770779, -0.13507812409214637, 1.9264216717724985, 4.9203714063965185, 6.330921059366375, 4.863920651095634, 3.457670140757215, 2.3329194262834125, 0.6489186097419282, -2.9335824109349335, -9.583833737814839, -5.821085472965489, -5.406087514319199, -5.306590168079031, -6.171093638380334, -6.361097721087749, 0.4383179228497993, 3.600292790161802, 5.280567616646739, 5.9620674125113595, 6.686017147135398, 6.086566800105263, 2.3495663918345113, -3.2066841185039126, -5.081434832977702, -4.345435649519198, -6.387936670196053, -11.128187997075962, -7.485439732226617, -7.0404417735803255, -5.800944427340142, -4.495447897641457, -2.3854519803488756, 6.91349839824205, 7.9942482961743835, 8.216223163486388, 7.956497989971327, 4.297997785835944, 3.091947520459976, 2.3224971734298254, 0.07549676515909676, -3.2407537451793322, -3.635504459653131, -4.07950527619462, -4.512006296871476, -6.3822576237513795, -6.949509358902043, -6.044511400255744, -6.735014054015568, 6.38719438812628, 7.737944286058595, 6.949919153370581, 6.320193979855515, 2.6716937757201524, 2.3556435103441697, 1.8461931633140385, 0.2291927550433051, -2.447057755295123, -3.711808469768927, -3.5158092863104153, -3.948310306987271, -6.308561633867184, -7.245813369017838, -6.710815410371543, -6.3813180641313565, 3.75984692859016, 4.850596826522484, 5.202571693834484, 5.072846520319419, 3.7043463161840426, 3.51829605080807, 3.6388457037779345, 1.4118452955071876, -1.5144052148312266, -3.0291559293050305, -3.083156745846519, -4.0056577665233695, -5.855909093403277, -5.913160828553935, -5.628162869907639, -5.038665523667463, 4.867626635357043, 6.198376533289348, 6.540351400601358, 6.790626227086288, 5.172126022950926, 4.226075757574948, 3.956625410544812, 0.8496250022740695, -2.3266255080643585, -3.3313762225381574, -3.025377039079646, -4.447878059756497, -6.048129386636404, -5.5953811217870575, -5.690383163140771, -5.1108858169006, 7.093165476965265, 8.553915374897565, 7.385890242209584, 6.116165068694503, 0.8276648645591398, 2.6516145991831577, 2.6421642521530275, 1.9151638438822802, 0.3789133335438519, 1.2541626190700637, -1.2098381974714219, -2.7723392181482875, -3.7525905450281902, -7.849842280178839, -6.43484432153255, -5.345346975292372, -1.6020547712528668, -0.39130487332055175, -0.16933000600854697, -0.15905517952361237, -1.0275553836589744, 0.806394350965034, 1.056944003934909, -0.5500564043358338, -2.7063069146742667, -3.591057629148059, -4.285058445689549, -6.217559466366405, -5.917810793246305, -6.475062528396965, -5.430064569750678, -4.340567223510504, -6.571906384277312, -7.798906792548074, -8.335157302886488, -6.719908017360282, -4.773908833901771, -3.8164098545786267, 0.8633388185414521, 1.4260870833908132, 2.8410850420371014, 3.2905823882772642, 3.5460789179759518, 4.226074835268554, 4.243569731884269, -11.623965719572514, -10.090966127843256, -8.247216638181689, -6.2519673526554875, -2.8059681691969764, 0.4015308101261681, 2.1912794832462614, 3.5140277480956117, 4.539025706741916, 4.6185230529820736, 4.38401958268078, 4.69401549997335, 5.971510396589085, -7.86862630429667, -6.455626712567403, -4.59187722290584, -2.3366279373796477, 0.23937124607888727, 2.9668702254020136, 4.886618898522102, 5.459367163371454, 5.874365122017743, 5.323862468257935, 4.329358997956621, 4.639354915249205, 6.1668498118649255, -10.79897720264587, -6.525977610916618, -3.6822281212550365, -1.4469788357288564, 1.11902034772966, 3.6865193270528183, 5.226268000172912, 5.049016265022263, 5.584014223668529, 4.53351156990872, 3.1890080996074124, 1.8790040168999917, 2.0364989135157074, -10.283355994656082, -4.187356811197551, -1.3498578318744112, 1.3198908412456758, 2.392639106095028, 3.0376370647413076, 1.357134410981475, -0.27736905931982414, -1.477373142027246, -1.8498782454115164, -6.639753119836496, -3.506003630174937, -1.2407543446487246, 1.7152448388097774, 3.6827438181329413, 4.342492491253011, 3.765240756102356, 3.150238714748645, 0.9297360609888345, -1.9847674093124654, -2.584771492019893, -5.823660077677362, -3.1506604859481033, -0.6569109962865154, 1.5983382892396767, 2.7943374726981878, 3.251836452021333, 1.911585125141431, -1.9256666100092295, -6.290668651362941, -10.768683004565114, -8.467183208700474, -5.87323347407646, -3.22268382110658, -0.7796842293773256, 1.1040652602842487, 2.379314545810451, 2.9553137292689575, 2.162812708592103, -0.05743861828782304, -4.6446903534384685, -10.029692394792177, -10.720245506337708, -7.688745710473079, -4.364795975849061, -1.7342463228791916, 0.30875326885005716, 1.6725027585116496, 1.9277520440378417, 1.4937512274963578, -0.29874979318049766, -2.879001120060409, -6.686252855211068, -9.849751454107885, -6.818251658243255, -3.744301923619237, -1.1137522706493534, 0.4392473210798862, 1.4329968107414746, 1.068246096267662, 0.024245279726192503, -1.3782557409506762, -3.9485070678305823, -6.72575880298124, -5.63635744317388, -4.405607545241569, -3.0336326779295586, -2.013357851444618, -0.8418580555799879, 2.6420916790440128, 5.302641332013898, 6.495640923743152, 6.099390413404725, 5.594639698930926, 4.280638882389447, 2.2181378617125818, -0.2621134651673209, -3.7293652003179765, -3.2506850638477505, -1.7599351659154343, 0.8920397013965773, 2.6923145278814906, 4.12381432374614, 5.477764058370145, 6.378313711340011, 5.301313303069284, 3.2750627927308607, 0.26031207825705716, -1.293688738284432, -2.8361897589612868, -4.416441085841198, -7.363692820991858, -4.146883890587576, -2.8361339926552667, -1.3841591253432588, -0.6538842988583102, -0.032384502993691555, 2.51156523163034, 4.622114884600185, 5.2551144763294655, 4.588863965991028, 4.304113251517229, 4.090112434975744, 3.1376114142988922, 2.147360087418984, 0.3101083522683239, -1.8148936890853786, -3.895396342845202, -4.029899813146516, -3.1000292475286506, -1.7992793495963322, -0.48730448228432444, 0.7429703442006099, 1.6044701400652377, 3.898419874689269, 5.238969527659132, 5.491969119388389, 5.4457186090499565, 4.140967894576146, 3.54696707803468, 2.844466057357814, 1.5942147304779009, 0.256962995327255, -2.1380390460264573, -4.478541699786272, -2.492665568978276, -1.3119156710459623, 0.3800591962660409, 1.3603340227509753, 2.1118338186156036, 3.7757835532396253, 4.996333206209498, 4.749332797938755, 3.9530822876003224, 2.548331573126532, 1.7143307565850425, 1.3918297359081864, 0.4115784090282828, -0.7856733261223763, -3.030675367476083, -5.981178021235911, -3.3898221052685917, -2.0690722073362773, -0.35709734002426363, 0.6231774864606707, 0.7546772823252945, 1.9286270169493216, 3.039176669919195, 2.292176261648452, 1.3759257513100147, 0.10117503683621987, 0.017174220294729814, -0.16532680038212533, -1.145578127262028, -2.352829862412679, -4.21783190376639, -6.548334557526212, -6.6756027041205535, -5.49485280618824, -3.282877938876226, -0.5326031123912958, 2.738896683473343, 4.292846418097366, 0.7233960710672314, -1.663604337203512, -1.709854847541945, -2.12460556201574, -2.07860637855722, -3.0411073992340767, -4.281358726113999, -6.258610461264646, 4.852719576185477, 6.173469474117791, 8.905444341429801, 9.775719167914737, 7.747218963779349, -0.18883130159662365, -1.098281648626747, -1.0852820568974986, -1.0015325672359223, -1.5362832817097214, -0.8502840982512003, -1.682785118928062, -3.943036445807966, -7.0602881809586275, -2.4234015654646104, 1.7963471076554907, 4.5490953725048175, 4.244093331151109, 4.233590677391292, 1.5190872070899806, 5.269083124382576, 11.22657802099829, 13.449070876260315, 11.849062710845475, -7.644678453811437, -4.48717947448829, -3.1374308013682235, 0.7853174634811495, 4.7803154221274236, 6.9198127683676125, 9.385309298066307, 10.615305215358864, 11.042800111974605, 10.225292967236625, 12.135284801821788, -10.096733121872978, -3.660733938414456, -1.1432349590913091, 1.2165137140287756, 4.489261978878116, 7.094259937524403, 9.223757283764574, 10.669253813463287, 11.009249730755856, 10.286744627371593, 11.109237482633597, -9.188712332913209, -6.014962843251629, -4.199713557725435, -2.2037143742669105, 0.7037846050562218, 3.953533278176322, 6.976281543025662, 9.951279501671955, 11.72077684791214, 12.79627337761082, 12.646269294903409, 10.933764191519135, 12.536257046781142, -6.443359961853471, -3.3058609825303193, 0.1638876905897515, 2.9166359554391095, 4.871633914085391, 5.74113126032557, 5.166627790024274, 3.876623707316848, 7.70411860393258, 9.176611459194593, 10.336603293779751, -12.360871518854692, -8.214872335396178, -3.41737335607303, 0.7123753170470657, 3.4851235818964064, 6.460121540542699, 7.9796188867828555, 7.405115416481558, 4.995111333774142, 6.682606230389859, 10.935099085651887, 13.485090920237045, -17.441267812749977, -14.92731807812596, -12.616768425156083, -10.143768833426828, -7.720019343765262, -6.284770058239063, -2.768770874780545, 0.25872810454259376, 3.3784767776626987, 6.141225042512048, 7.986223001158316, 8.73572034739852, 8.151216877097204, 5.7012127943897815, -16.89109985686096, -12.75715012223694, -9.946600469267079, -6.963600877537817, -4.549851387876242, -2.7446021023500524, -0.74860291889153, 2.3988960604316123, 4.998644733551707, 7.261392998401057, 8.596390957047333, 8.085888303287518, 4.60138483298621, -8.589309389872849, -6.868759736902977, -4.23576014517371, -1.782010655512142, 0.8132386300140535, 2.599237813472566, 4.286736792795701, 5.416485465915798, 4.689233730765138, 3.054231689411445, 0.9537290356516108, -12.099288943290626, -9.827789147426001, -7.273839412801981, -4.4032897598321155, -1.8702901681028576, 0.3534593215587192, 1.708708607084934, 3.2647077905434303, 4.072206769866571, 4.091955442986682, 3.6247037078360123, 1.8697016664823152, -0.4808009872775192, -15.652522118632229, -14.731772220699906, -12.269797353387906, -10.28952252690297, -7.408022731038334, -4.604072996414326, -1.8635233434444425, -0.22052375171519945, 0.7232257379463771, 1.4384750234725772, 2.094474206931096, 2.7619731862542496, 2.3817218593743266, 1.5144701242236798, 0.10946808286996282, -2.7710345708898583, -11.7762497791431, -10.715499881210793, -7.993525013898773, -5.883250187413844, -3.6117503915492195, -1.3078006569251963, 0.6727489960446809, 1.555748587773933, 2.0094980774355005, 2.094747362961705, 2.1207465464202286, 2.4182455257433775, 1.7879941988634547, 1.190742463712804, 0.29574042235909204, -1.5647622314007332, -12.483964371403129, -9.151989504091112, -6.921714677606177, -4.930214881741554, -2.7662651471175463, -1.05571549414765, 0.577284097581602, 2.2810335872431695, 4.2562828727693605, 4.522282056227894, 5.059781035551023, 5.6795297086711285, 4.932277973520458, 3.517275932166764, 1.7767732784069288, -0.6777301918943768, -3.9677342746017885, -7.341214455562617, -5.2592395882505985, -3.1489647617656686, -1.4074649659010454, 0.5164847687229672, 2.107034421692859, 3.1200340134221065, 3.3037835030836638, 2.999032788609882, 3.155031972068401, 3.3225309513915255, 3.0622796245116217, 2.9550278893609803, 2.9400258480072634, 2.849523194247448, 2.6850197239461346, 0.9250156412387103, -17.18342717069504, -15.822677272762721, -13.680702405450715, -12.010427578965782, -9.458927783101156, -6.474978048477142, -4.564428395507272, -2.7414288037780077, -1.8476793141164425, -1.30243002859023, -0.3164308451317259, 0.31106813419142054, 1.0208168073115156, 1.2735650721608585, 0.22856303080715445, -1.1419396229526741, -3.1864430932539847, -18.088772196959805, -17.478022299027486, -15.966047431715474, -12.295772605230542, -7.994272809365917, -5.020323074741893, -4.099773421772031, -0.9067738300427628, 2.7469756596187933, 0.4122249451450104, -0.2317758713964816, 0.14572310792666524, 0.2354717810467557, -0.8917799541038969, -2.306781995457605, -4.547284649217425, -12.304173809961645, -11.563423912029329, -11.041449044717313, -10.621174218232381, -8.40967442236776, -1.2257246877437413, 9.824824965226144, 13.05782455695539, 6.501574046616967, 3.2468233321431685, 2.8428225156016858, 1.0603214949248216, 1.390070168044907, 1.7528184328942635, 0.2978163915405485, -9.340824012650826, -8.460074114718509, -6.908099247406507, -4.437824420921563, 2.613675374943062, 12.007625109567073, 14.588174762536946, 7.441174354266197, 4.3049238439277895, 3.3401731294539827, 1.4161723129124897, 1.933671292235637, 2.153419965355723, 1.8861682302050697, -0.6988338111486412, -10.823677846667007, -8.633403020182065, -8.451903224317443, -5.577953489693428, -2.7674038367235516, 8.535595755005717, 15.62934524466727, 6.954594530193484, 2.900593713651995, 2.508092692975132, 1.4578413660952219, 2.450589630944574, 5.675587589590868, 4.915084935831036, 5.85058146552973, -7.371833671984464, -5.981083774052157, -2.5591089067401493, 0.261165919744788, 6.762665715609431, 14.196615450233448, 14.4871651032033, 6.110164694932562, 4.493914184594136, 0.7591634701203334, 0.36516265357885525, 1.1226616329019974, 1.5924103060220842, 1.5851585708714353, 2.1701565295177296, -11.646021113043512, -8.755471460073638, -6.452471868344398, -4.588722378682805, -2.703473093156619, -1.767473909698099, -0.5599749303749526, -0.28022625725485106, -0.09747799240551469, 1.1775199662407596, 1.6170173124809604, 0.09251384217964653, 0.7625097594722297, 0.3700046560879473, -8.043777041604336, -6.0532273886344665, -3.890227796905199, -1.9064783072436313, -0.7912290217174256, 0.2647701617410698, 1.4722691410642152, 1.1320178141843131, 0.0547660790336586, 0.32976403767996176, 1.5392613839201297, 0.6647579136188217, 0.9747538309114052, 2.4922487275271195, -7.2096055927638405, -3.9690559397939573, -1.306056348064704, 0.5376931415968498, 2.02294242712306, 2.5789416105815848, 2.6464405899047154, 1.916189263024826, -0.041062472125838134, -0.4060645134795495, 1.0434328327606275, 0.15892936245931466, 0.20892527975190767, -5.406943575082322, -2.5263939221124536, 0.016605669616795105, 2.120355159278369, 3.1056044448045785, 3.2716036282630885, 2.8291026075862282, 1.7188512807063443, -0.11840045444431535, -1.243402495798032, 0.45609485044214493, -1.1984086198591641, -2.668412702566582, -3.0248949932635796, -2.3818954015343365, -1.1581459118727597, 0.6971033736534267, 1.6331025571119469, 2.200601536435105, 1.3403502095551927, -0.8669015255954573, -1.101903566949173, -1.4124062207090007, -2.6769096910103087, -4.386913773717722, -6.140339204763929, -3.3797895517940644, -1.0867899600648148, 0.9069595295967723, 2.282208815122969, 2.8482079985814854, 2.79570697790464, 1.4554556510247094, -0.7417960841259363, -1.7167981254796465, -0.8773007792394689, -1.7418042495407722, -3.821808332248189, -3.868252618930879, -0.887702965961001, 1.3752966257682475, 2.969046115429829, 3.3242954009560153, 3.1202945844145216, 2.317793563737675, 0.8475422368577776, -1.4697094982928862, -2.564711539646601, -2.2452141934064196, -2.5997176637077315, -2.5397217464151485, -1.3721614854943782, 1.2783881674754873, 3.2113877592047517, 4.575137248866315, 4.4503865343925115, 3.256385717851037, 2.7138846971741817, 1.4936333702942843, -0.703618364856375, -2.0586204062100952, -1.5991230599699127, -2.463626530271216, -1.0517118187263987, 2.2188378342434723, 4.781837425972731, 6.0355869156342825, 5.550836201160494, 4.006835384619024, 1.6043343639421552, -4.475916962937756, -1.6972181656838758, 2.166731568940148, 5.3372812219100245, 6.9002808136392835, 6.904030303300862, 4.169279588827046, 0.7352787722855618, -3.937222248391289, -1.2096342250773429, 1.591865570787312, 4.175815305411306, 5.686364958381186, 5.85936455011043, 4.093114039772027, -0.4316366747017817, -5.005637491243267, -2.5488842735974977, -0.39860944711257673, 1.6528903487520497, 3.7468400833760915, 4.757389736345943, 3.790389328075201, 1.7641388177367783, -2.6506118967370167, -5.984612713278507, 2.2387965372447365, 3.339546435177052, 5.481521302489072, 7.141796128974, 7.683295924838634, 7.767245659462658, 7.397795312432513, 5.3007949041617755, 3.0145443938233614, -0.5202063206504377, -4.484207137191923, -4.386708157868778, -3.8269594847486883, -5.644211219899352, -7.749213261253058, -5.379715915012879, 5.677601396354574, 6.6683512942869045, 7.800326161598905, 8.080600988083837, 6.472100783948466, 4.786050518572479, 4.046600171542359, 2.969599763271631, 1.4533492529331846, -1.9414014615406145, -6.155402278082085, -5.297903298758949, -4.218154625638864, -6.145406360789513, -7.870408402143223, -6.000911055903044, 4.780100527947181, 5.830850425879514, 11.422825293191522, 13.903100119676443, 14.774599915541062, 10.168549650165088, 2.3590993031349594, 3.2520988948642167, 2.3258483845257887, 0.9210976700519984, -1.0429031464894867, -1.2354041671663474, -0.835655494046255, -2.412907229196909, -2.9079092705506167, -3.218411924310444, 8.595737600952653, 9.656487498884976, 12.128462366196981, 12.988737192681896, 10.490236988546538, 1.1441867231705558, 2.2547363761404293, 2.9077359678696775, 1.9914854575312546, 0.09673474305745522, -2.597266073484034, -3.3997670941608797, -2.6200184210407915, -3.92727015619145, -4.9022721975451615, -4.952774851304984, 7.113792814295196, 8.314542712227535, 8.146517579539523, 7.1167924060244525, 1.1982922018890934, 0.49224193651311055, 1.7327915894829795, 2.1357911812122428, 1.219540670873819, -1.5752100435999852, -4.799210860141476, -4.861711880818327, -4.201963207698229, -5.149214942848888, -6.0142169842026, -4.814719637962421, 4.52299097117441, 5.463740869106729, 4.415715736418737, 3.025990562903667, -1.3725096412316962, -0.5685599066076739, 0.4219897463621951, 0.4449893380914487, -0.21126117224698415, -4.006011886720775, -7.47001270326226, -6.892513723939124, -5.982765050819026, -6.680016785969686, -6.525018827323386, -4.565521481083218, 8.14546034321803, 9.476210241150337, 11.21818510846235, 11.588459934947286, 8.309959730811928, 0.1439094654359363, 2.284459118405811, 2.8174587101350688, 1.9112081997966368, 0.756457485322847, -0.317543331218638, -0.500044351895494, -2.1102956787754064, -4.0775474139260615, 5.5004427759891605, 6.701192673921484, 4.9031675412334925, 2.753442367718417, -2.2850578364169465, 0.6788918982070724, 1.7994415511769368, 2.3424411429061998, 1.6861906325677687, -1.4785600819060267, -4.572560898447508, -4.495061919124373, -4.585313246004274, -6.032564981154934, -4.997567022508639, -5.178069676268473]"
